ContigID,ContigLength,LogProbability,PredictionResult,ReferenceAcc,ReferenceLength,MostProbablyVirusName
SRR6316294_NODE_4,3022,80.4%,Partial,NC_014075.1,3759,"Torque teno virus 12, complete genome"
SRR6316294_NODE_8,2755,98.3%,Partial,NC_030297.1,2803,"Torque teno mini virus 18 isolate 222, complete genome"
SRR6316275_NODE_4,3102,82.5%,Partial,NC_014075.1,3759,"Torque teno virus 12, complete genome"
SRR6316275_NODE_6,2994,80.1%,Partial,NC_014080.1,3736,"Torque teno virus 7, complete genome"
SRR6316314_NODE_1,3858,150.2%,Full-length,NC_030650.1,2568,"Gorilla anellovirus isolate GorF ORF2 and ORF1 genes, complete cds; and nonfunctional ORF3 gene, complete sequence"
SRR6316314_NODE_2,3794,101.6%,Full-length,NC_014080.1,3736,"Torque teno virus 7, complete genome"
SRR6316314_NODE_3,3151,86.8%,Partial,NC_014073.1,3629,"Torque teno virus 28, complete genome"
SRR6316314_NODE_5,3113,82.8%,Partial,NC_014075.1,3759,"Torque teno virus 12, complete genome"
SRR6316314_NODE_10,2592,69.0%,Partial,NC_014075.1,3759,"Torque teno virus 12, complete genome"
SRR6316233_NODE_1,3778,100.5%,Full-length,NC_014075.1,3759,"Torque teno virus 12, complete genome"
SRR6316233_NODE_2,3743,99.6%,Partial,NC_014075.1,3759,"Torque teno virus 12, complete genome"
SRR6316233_NODE_3,3611,96.1%,Partial,NC_014075.1,3759,"Torque teno virus 12, complete genome"
SRR6316233_NODE_4,3596,99.1%,Partial,NC_014073.1,3629,"Torque teno virus 28, complete genome"
SRR6316233_NODE_5,3582,95.3%,Partial,NC_014075.1,3759,"Torque teno virus 12, complete genome"
SRR6316233_NODE_7,3413,90.8%,Partial,NC_014075.1,3759,"Torque teno virus 12, complete genome"
SRR6316233_NODE_8,3352,89.7%,Partial,NC_014080.1,3736,"Torque teno virus 7, complete genome"
SRR6316233_NODE_9,3127,86.4%,Partial,NC_026765.1,3621,"Simian torque teno virus 34 isolate VGA00120.1, complete genome"
SRR6316233_NODE_10,3051,81.2%,Partial,NC_014075.1,3759,"Torque teno virus 12, complete genome"
SRR6316233_NODE_11,3042,80.9%,Partial,NC_014075.1,3759,"Torque teno virus 12, complete genome"
SRR6316233_NODE_14,2973,106.1%,Full-length,NC_030297.1,2803,"Torque teno mini virus 18 isolate 222, complete genome"
SRR6316233_NODE_16,2950,101.4%,Full-length,NC_014089.1,2908,"Torque teno mini virus 5, complete genome"
SRR6316233_NODE_17,2944,78.3%,Partial,NC_014075.1,3759,"Torque teno virus 12, complete genome"
SRR6316233_NODE_21,2872,102.5%,Full-length,NC_030297.1,2803,"Torque teno mini virus 18 isolate 222, complete genome"
SRR6316233_NODE_22,2871,102.4%,Full-length,NC_030297.1,2803,"Torque teno mini virus 18 isolate 222, complete genome"
SRR6316233_NODE_24,2862,88.0%,Partial,NC_014093.1,3253,"Torque teno midi virus 2, complete genome"
SRR6316233_NODE_25,2851,101.7%,Full-length,NC_030297.1,2803,"Torque teno mini virus 18 isolate 222, complete genome"
SRR6316233_NODE_27,2807,100.8%,Full-length,NC_014090.1,2785,"Torque teno mini virus 4, complete genome"
SRR6316233_NODE_31,2549,90.9%,Partial,NC_030297.1,2803,"Torque teno mini virus 18 isolate 222, complete genome"
SRR6316233_NODE_33,2339,83.4%,Partial,NC_030297.1,2803,"Torque teno mini virus 18 isolate 222, complete genome"
SRR6316277_NODE_1,3761,100.1%,Full-length,NC_014075.1,3759,"Torque teno virus 12, complete genome"
SRR6316277_NODE_2,3643,97.5%,Partial,NC_014080.1,3736,"Torque teno virus 7, complete genome"
SRR6316277_NODE_3,3531,93.9%,Partial,NC_014075.1,3759,"Torque teno virus 12, complete genome"
SRR6316277_NODE_4,2985,79.9%,Partial,NC_014080.1,3736,"Torque teno virus 7, complete genome"
SRR6316316_NODE_1,3749,100.3%,Full-length,NC_014080.1,3736,"Torque teno virus 7, complete genome"
SRR6316316_NODE_3,3631,129.5%,Full-length,NC_030297.1,2803,"Torque teno mini virus 18 isolate 222, complete genome"
SRR6316316_NODE_4,3598,95.7%,Partial,NC_014075.1,3759,"Torque teno virus 12, complete genome"
SRR6316316_NODE_6,3358,130.8%,Full-length,NC_030650.1,2568,"Gorilla anellovirus isolate GorF ORF2 and ORF1 genes, complete cds; and nonfunctional ORF3 gene, complete sequence"
SRR6316316_NODE_7,3332,129.8%,Full-length,NC_030650.1,2568,"Gorilla anellovirus isolate GorF ORF2 and ORF1 genes, complete cds; and nonfunctional ORF3 gene, complete sequence"
SRR6316316_NODE_10,3053,81.2%,Partial,NC_014075.1,3759,"Torque teno virus 12, complete genome"
SRR6316316_NODE_12,3044,108.6%,Full-length,NC_030297.1,2803,"Torque teno mini virus 18 isolate 222, complete genome"
SRR6316316_NODE_14,2929,77.9%,Partial,NC_014075.1,3759,"Torque teno virus 12, complete genome"
SRR6316316_NODE_15,2904,80.2%,Partial,NC_026765.1,3621,"Simian torque teno virus 34 isolate VGA00120.1, complete genome"
SRR6316316_NODE_16,2903,80.0%,Partial,NC_014073.1,3629,"Torque teno virus 28, complete genome"
SRR6316316_NODE_18,2764,73.5%,Partial,NC_014075.1,3759,"Torque teno virus 12, complete genome"
SRR6316316_NODE_19,2575,91.9%,Partial,NC_030297.1,2803,"Torque teno mini virus 18 isolate 222, complete genome"
SRR6316298_NODE_1,3764,100.1%,Full-length,NC_014075.1,3759,"Torque teno virus 12, complete genome"
SRR6316298_NODE_3,3596,99.1%,Partial,NC_014073.1,3629,"Torque teno virus 28, complete genome"
SRR6316298_NODE_4,3566,94.9%,Partial,NC_014075.1,3759,"Torque teno virus 12, complete genome"
SRR6316298_NODE_6,3473,91.0%,Partial,NC_014091.1,3818,"Torque teno virus 16, complete genome"
SRR6316298_NODE_7,3327,88.5%,Partial,NC_014075.1,3759,"Torque teno virus 12, complete genome"
SRR6316298_NODE_8,3223,115.0%,Full-length,NC_030297.1,2803,"Torque teno mini virus 18 isolate 222, complete genome"
SRR6316298_NODE_9,3215,114.7%,Full-length,NC_030297.1,2803,"Torque teno mini virus 18 isolate 222, complete genome"
SRR6316298_NODE_11,3105,82.6%,Partial,NC_014075.1,3759,"Torque teno virus 12, complete genome"
SRR6316298_NODE_14,3064,84.4%,Partial,NC_014073.1,3629,"Torque teno virus 28, complete genome"
SRR6316298_NODE_17,3010,80.1%,Partial,NC_014075.1,3759,"Torque teno virus 12, complete genome"
SRR6316298_NODE_19,2905,113.1%,Full-length,NC_030650.1,2568,"Gorilla anellovirus isolate GorF ORF2 and ORF1 genes, complete cds; and nonfunctional ORF3 gene, complete sequence"
SRR6316298_NODE_21,2730,97.4%,Partial,NC_030297.1,2803,"Torque teno mini virus 18 isolate 222, complete genome"
SRR6316298_NODE_22,2627,93.7%,Partial,NC_030297.1,2803,"Torque teno mini virus 18 isolate 222, complete genome"
SRR6316298_NODE_27,2366,65.3%,Partial,NC_026765.1,3621,"Simian torque teno virus 34 isolate VGA00120.1, complete genome"
SRR6316298_NODE_29,2310,71.0%,Partial,NC_014093.1,3253,"Torque teno midi virus 2, complete genome"
SRR6316298_NODE_31,2106,56.4%,Partial,NC_014080.1,3736,"Torque teno virus 7, complete genome"
SRR6316302_NODE_1,3757,99.9%,Partial,NC_014075.1,3759,"Torque teno virus 12, complete genome"
SRR6316302_NODE_2,3616,96.8%,Partial,NC_014080.1,3736,"Torque teno virus 7, complete genome"
SRR6316302_NODE_9,2881,102.8%,Full-length,NC_030297.1,2803,"Torque teno mini virus 18 isolate 222, complete genome"
SRR6316202_NODE_17,2692,96.0%,Partial,NC_030297.1,2803,"Torque teno mini virus 18 isolate 222, complete genome"
SRR6316205_NODE_1,3699,98.4%,Partial,NC_014075.1,3759,"Torque teno virus 12, complete genome"
SRR6316205_NODE_2,3489,96.1%,Partial,NC_014073.1,3629,"Torque teno virus 28, complete genome"
SRR6316205_NODE_3,3314,102.5%,Full-length,NC_038340.1,3234,"Torque teno virus 20 ORF4, ORF3, ORF2, ORF1 genes, complete cds, clone: SAa-10"
SRR6316205_NODE_4,3072,81.7%,Partial,NC_014075.1,3759,"Torque teno virus 12, complete genome"
SRR6316261_NODE_1,3767,100.8%,Full-length,NC_014080.1,3736,"Torque teno virus 7, complete genome"
SRR6316226_NODE_1,3629,96.5%,Partial,NC_014075.1,3759,"Torque teno virus 12, complete genome"
SRR6316226_NODE_2,3554,94.5%,Partial,NC_014075.1,3759,"Torque teno virus 12, complete genome"
SRR6316226_NODE_4,3523,93.7%,Partial,NC_014075.1,3759,"Torque teno virus 12, complete genome"
SRR6316226_NODE_7,3067,81.6%,Partial,NC_014075.1,3759,"Torque teno virus 12, complete genome"
SRR6316226_NODE_8,3000,107.0%,Full-length,NC_030297.1,2803,"Torque teno mini virus 18 isolate 222, complete genome"
SRR6316226_NODE_9,2979,79.2%,Partial,NC_014075.1,3759,"Torque teno virus 12, complete genome"
SRR6316308_NODE_1,3653,97.8%,Partial,NC_014080.1,3736,"Torque teno virus 7, complete genome"
SRR6316308_NODE_2,3557,94.6%,Partial,NC_014075.1,3759,"Torque teno virus 12, complete genome"
SRR6316308_NODE_5,3222,89.0%,Partial,NC_026765.1,3621,"Simian torque teno virus 34 isolate VGA00120.1, complete genome"
SRR6316308_NODE_6,3218,99.2%,Partial,NC_009225.1,3245,"Torque teno midi virus 1, complete genome"
SRR6316308_NODE_7,3193,85.5%,Partial,NC_014080.1,3736,"Torque teno virus 7, complete genome"
SRR6316308_NODE_9,3148,112.3%,Full-length,NC_030297.1,2803,"Torque teno mini virus 18 isolate 222, complete genome"
SRR6316308_NODE_12,2925,76.6%,Partial,NC_014091.1,3818,"Torque teno virus 16, complete genome"
SRR6316308_NODE_13,2807,100.1%,Full-length,NC_030297.1,2803,"Torque teno mini virus 18 isolate 222, complete genome"
SRR6316308_NODE_17,2380,63.1%,Partial,NC_026764.1,3774,"Simian torque teno virus 33 isolate VWP00522.11, complete genome"
SRR6316272_NODE_3,2950,105.2%,Full-length,NC_030297.1,2803,"Torque teno mini virus 18 isolate 222, complete genome"
SRR6316272_NODE_5,2482,76.3%,Partial,NC_014093.1,3253,"Torque teno midi virus 2, complete genome"
SRR6316317_NODE_3,3825,101.8%,Full-length,NC_014075.1,3759,"Torque teno virus 12, complete genome"
SRR6316317_NODE_5,3189,84.8%,Partial,NC_014075.1,3759,"Torque teno virus 12, complete genome"
SRR6316237_NODE_63,3686,101.8%,Full-length,NC_026765.1,3621,"Simian torque teno virus 34 isolate VGA00120.1, complete genome"
SRR6316295_NODE_1,3576,94.8%,Partial,NC_026764.1,3774,"Simian torque teno virus 33 isolate VWP00522.11, complete genome"
SRR8862009_NODE_2,3775,104.3%,Full-length,NC_026765.1,3621,"Simian torque teno virus 34 isolate VGA00120.1, complete genome"
SRR8862009_NODE_6,2966,81.9%,Partial,NC_026765.1,3621,"Simian torque teno virus 34 isolate VGA00120.1, complete genome"
SRR8862009_NODE_9,2556,78.6%,Partial,NC_014093.1,3253,"Torque teno midi virus 2, complete genome"
SRR8862009_NODE_10,2525,77.6%,Partial,NC_014093.1,3253,"Torque teno midi virus 2, complete genome"
SRR8862007_NODE_5,3884,104.0%,Full-length,NC_014080.1,3736,"Torque teno virus 7, complete genome"
SRR8862005_NODE_3,3338,119.1%,Full-length,NC_030297.1,2803,"Torque teno mini virus 18 isolate 222, complete genome"
SRR8862005_NODE_4,3312,91.3%,Partial,NC_014073.1,3629,"Torque teno virus 28, complete genome"
SRR8862005_NODE_6,3030,80.6%,Partial,NC_014075.1,3759,"Torque teno virus 12, complete genome"
SRR2037084_NODE_684,2958,78.7%,Partial,NC_014075.1,3759,"Torque teno virus 12, complete genome"
SRR2037084_NODE_714,2902,99.6%,Partial,NC_025726.1,2914,"Torque teno mini virus ALA22, complete genome"
SRR2037084_NODE_720,2896,76.7%,Partial,NC_026764.1,3774,"Simian torque teno virus 33 isolate VWP00522.11, complete genome"
SRR2037084_NODE_721,2893,79.9%,Partial,NC_026765.1,3621,"Simian torque teno virus 34 isolate VGA00120.1, complete genome"
SRR2037084_NODE_726,2882,102.8%,Full-length,NC_030297.1,2803,"Torque teno mini virus 18 isolate 222, complete genome"
SRR2037084_NODE_760,2822,100.7%,Full-length,NC_030297.1,2803,"Torque teno mini virus 18 isolate 222, complete genome"
SRR2037084_NODE_826,2622,80.6%,Partial,NC_014093.1,3253,"Torque teno midi virus 2, complete genome"
SRR2037084_NODE_833,2603,80.0%,Partial,NC_014093.1,3253,"Torque teno midi virus 2, complete genome"
SRR2037084_NODE_873,2515,77.3%,Partial,NC_014093.1,3253,"Torque teno midi virus 2, complete genome"
SRR2037084_NODE_875,2512,77.2%,Partial,NC_014093.1,3253,"Torque teno midi virus 2, complete genome"
SRR2037084_NODE_890,2494,76.7%,Partial,NC_014093.1,3253,"Torque teno midi virus 2, complete genome"
SRR2037084_NODE_910,2464,87.9%,Partial,NC_030297.1,2803,"Torque teno mini virus 18 isolate 222, complete genome"
SRR2037084_NODE_920,2451,75.3%,Partial,NC_014093.1,3253,"Torque teno midi virus 2, complete genome"
SRR2037084_NODE_944,2415,83.0%,Partial,NC_014089.1,2908,"Torque teno mini virus 5, complete genome"
SRR2037084_NODE_1055,2203,78.6%,Partial,NC_030297.1,2803,"Torque teno mini virus 18 isolate 222, complete genome"
SRR2037084_NODE_1162,2021,53.6%,Partial,NC_026764.1,3774,"Simian torque teno virus 33 isolate VWP00522.11, complete genome"
SRR2037085_NODE_4266,3203,84.9%,Partial,NC_026764.1,3774,"Simian torque teno virus 33 isolate VWP00522.11, complete genome"
SRR2037085_NODE_4372,3153,112.5%,Full-length,NC_030297.1,2803,"Torque teno mini virus 18 isolate 222, complete genome"
SRR2037085_NODE_4404,3141,83.6%,Partial,NC_014075.1,3759,"Torque teno virus 12, complete genome"
SRR2037085_NODE_4434,3133,86.5%,Partial,NC_026765.1,3621,"Simian torque teno virus 34 isolate VGA00120.1, complete genome"
SRR2037085_NODE_4450,3125,86.3%,Partial,NC_026765.1,3621,"Simian torque teno virus 34 isolate VGA00120.1, complete genome"
SRR2037085_NODE_4565,3081,94.6%,Partial,NC_038362.1,3257,"Torque teno midi virus 15 DNA, complete genome, isolate: Pt-TTMDV210"
SRR2037085_NODE_4574,3078,81.9%,Partial,NC_014075.1,3759,"Torque teno virus 12, complete genome"
SRR2037085_NODE_4606,3064,80.3%,Partial,NC_014091.1,3818,"Torque teno virus 16, complete genome"
SRR2037085_NODE_4619,3059,119.1%,Full-length,NC_030650.1,2568,"Gorilla anellovirus isolate GorF ORF2 and ORF1 genes, complete cds; and nonfunctional ORF3 gene, complete sequence"
SRR2037085_NODE_4624,3058,81.0%,Partial,NC_026764.1,3774,"Simian torque teno virus 33 isolate VWP00522.11, complete genome"
SRR2037085_NODE_4750,3013,80.2%,Partial,NC_014075.1,3759,"Torque teno virus 12, complete genome"
SRR2037085_NODE_4845,2980,106.3%,Full-length,NC_030297.1,2803,"Torque teno mini virus 18 isolate 222, complete genome"
SRR2037085_NODE_4897,2962,78.8%,Partial,NC_014075.1,3759,"Torque teno virus 12, complete genome"
SRR2037085_NODE_4916,2957,105.5%,Full-length,NC_030297.1,2803,"Torque teno mini virus 18 isolate 222, complete genome"
SRR2037085_NODE_5010,2919,91.4%,Partial,NC_038338.1,3193,"Torque teno virus 11 isolate TCHN-D1 Orf2 and Orf1 genes, complete cds"
SRR2037085_NODE_5014,2918,77.6%,Partial,NC_014075.1,3759,"Torque teno virus 12, complete genome"
SRR2037085_NODE_5033,2911,103.9%,Full-length,NC_030297.1,2803,"Torque teno mini virus 18 isolate 222, complete genome"
SRR2037085_NODE_5063,2900,77.1%,Partial,NC_014075.1,3759,"Torque teno virus 12, complete genome"
SRR2037085_NODE_5068,2899,104.1%,Full-length,NC_014090.1,2785,"Torque teno mini virus 4, complete genome"
SRR2037085_NODE_5080,2895,103.3%,Full-length,NC_030297.1,2803,"Torque teno mini virus 18 isolate 222, complete genome"
SRR2037085_NODE_5108,2888,76.8%,Partial,NC_014075.1,3759,"Torque teno virus 12, complete genome"
SRR2037085_NODE_5200,2857,98.2%,Partial,NC_014089.1,2908,"Torque teno mini virus 5, complete genome"
SRR2037085_NODE_5212,2855,101.9%,Full-length,NC_030297.1,2803,"Torque teno mini virus 18 isolate 222, complete genome"
SRR2037085_NODE_5225,2850,101.7%,Full-length,NC_030297.1,2803,"Torque teno mini virus 18 isolate 222, complete genome"
SRR2037085_NODE_5233,2847,74.6%,Partial,NC_014091.1,3818,"Torque teno virus 16, complete genome"
SRR2037085_NODE_5249,2843,74.5%,Partial,NC_014091.1,3818,"Torque teno virus 16, complete genome"
SRR2037085_NODE_5287,2832,75.3%,Partial,NC_014075.1,3759,"Torque teno virus 12, complete genome"
SRR2037085_NODE_5288,2832,75.3%,Partial,NC_014075.1,3759,"Torque teno virus 12, complete genome"
SRR2037085_NODE_5332,2820,100.6%,Full-length,NC_030297.1,2803,"Torque teno mini virus 18 isolate 222, complete genome"
SRR2037085_NODE_5339,2819,100.6%,Full-length,NC_030297.1,2803,"Torque teno mini virus 18 isolate 222, complete genome"
SRR2037085_NODE_5358,2813,109.5%,Full-length,NC_030650.1,2568,"Gorilla anellovirus isolate GorF ORF2 and ORF1 genes, complete cds; and nonfunctional ORF3 gene, complete sequence"
SRR2037085_NODE_5387,2804,109.2%,Full-length,NC_030650.1,2568,"Gorilla anellovirus isolate GorF ORF2 and ORF1 genes, complete cds; and nonfunctional ORF3 gene, complete sequence"
SRR2037085_NODE_5390,2801,99.9%,Partial,NC_030297.1,2803,"Torque teno mini virus 18 isolate 222, complete genome"
SRR2037085_NODE_5400,2799,99.9%,Partial,NC_030297.1,2803,"Torque teno mini virus 18 isolate 222, complete genome"
SRR2037085_NODE_5412,2796,99.8%,Partial,NC_030297.1,2803,"Torque teno mini virus 18 isolate 222, complete genome"
SRR2037085_NODE_5420,2795,99.7%,Partial,NC_030297.1,2803,"Torque teno mini virus 18 isolate 222, complete genome"
SRR2037085_NODE_5455,2784,95.6%,Partial,NC_038347.1,2912,"Torque teno mini virus 12 isolate LIL-y3 ORF2, ORF1, ORF3, and ORF4 genes, complete cds"
SRR2037085_NODE_5468,2777,74.3%,Partial,NC_014080.1,3736,"Torque teno virus 7, complete genome"
SRR2037085_NODE_5488,2772,95.2%,Partial,NC_038347.1,2912,"Torque teno mini virus 12 isolate LIL-y3 ORF2, ORF1, ORF3, and ORF4 genes, complete cds"
SRR2037085_NODE_5501,2767,95.0%,Partial,NC_038347.1,2912,"Torque teno mini virus 12 isolate LIL-y3 ORF2, ORF1, ORF3, and ORF4 genes, complete cds"
SRR2037085_NODE_5570,2749,73.1%,Partial,NC_014075.1,3759,"Torque teno virus 12, complete genome"
SRR2037085_NODE_5670,2718,94.7%,Partial,NC_038346.1,2871,"Torque teno mini virus 11 isolate LIL-y2 ORF2, ORF1, and ORF3 genes, complete cds"
SRR2037085_NODE_5740,2697,74.5%,Partial,NC_026765.1,3621,"Simian torque teno virus 34 isolate VGA00120.1, complete genome"
SRR2037085_NODE_5802,2678,71.2%,Partial,NC_014075.1,3759,"Torque teno virus 12, complete genome"
SRR2037085_NODE_5809,2676,91.9%,Partial,NC_038347.1,2912,"Torque teno mini virus 12 isolate LIL-y3 ORF2, ORF1, ORF3, and ORF4 genes, complete cds"
SRR2037085_NODE_5919,2647,83.1%,Partial,NC_038359.1,3187,"Torque teno midi virus 12 DNA, complete genome, isolate: MDJN51"
SRR2037085_NODE_5950,2639,102.8%,Full-length,NC_030650.1,2568,"Gorilla anellovirus isolate GorF ORF2 and ORF1 genes, complete cds; and nonfunctional ORF3 gene, complete sequence"
SRR2037085_NODE_5966,2634,94.0%,Partial,NC_030297.1,2803,"Torque teno mini virus 18 isolate 222, complete genome"
SRR2037085_NODE_5981,2629,91.6%,Partial,NC_038346.1,2871,"Torque teno mini virus 11 isolate LIL-y2 ORF2, ORF1, and ORF3 genes, complete cds"
SRR2037085_NODE_6009,2623,93.6%,Partial,NC_030297.1,2803,"Torque teno mini virus 18 isolate 222, complete genome"
SRR2037085_NODE_6060,2606,68.4%,Partial,NC_014078.1,3808,"Torque teno virus 19, complete genome"
SRR2037085_NODE_6061,2606,93.0%,Partial,NC_030297.1,2803,"Torque teno mini virus 18 isolate 222, complete genome"
SRR2037085_NODE_6154,2575,93.1%,Partial,NC_014086.1,2765,"Torque teno mini virus 2, complete genome"
SRR2037085_NODE_6189,2566,78.9%,Partial,NC_014093.1,3253,"Torque teno midi virus 2, complete genome"
SRR2037085_NODE_6234,2557,87.8%,Partial,NC_038347.1,2912,"Torque teno mini virus 12 isolate LIL-y3 ORF2, ORF1, ORF3, and ORF4 genes, complete cds"
SRR2037085_NODE_6307,2539,91.2%,Partial,NC_014090.1,2785,"Torque teno mini virus 4, complete genome"
SRR2037085_NODE_6325,2533,77.9%,Partial,NC_014093.1,3253,"Torque teno midi virus 2, complete genome"
SRR2037085_NODE_6329,2533,90.4%,Partial,NC_030297.1,2803,"Torque teno mini virus 18 isolate 222, complete genome"
SRR2037085_NODE_6331,2533,69.8%,Partial,NC_014073.1,3629,"Torque teno virus 28, complete genome"
SRR2037085_NODE_6346,2528,77.7%,Partial,NC_014093.1,3253,"Torque teno midi virus 2, complete genome"
SRR2037085_NODE_6375,2522,77.5%,Partial,NC_014093.1,3253,"Torque teno midi virus 2, complete genome"
SRR2037085_NODE_6378,2522,86.5%,Partial,NC_025726.1,2914,"Torque teno mini virus ALA22, complete genome"
SRR2037085_NODE_6389,2518,77.4%,Partial,NC_014093.1,3253,"Torque teno midi virus 2, complete genome"
SRR2037085_NODE_6414,2511,86.2%,Partial,NC_025726.1,2914,"Torque teno mini virus ALA22, complete genome"
SRR2037085_NODE_6425,2509,89.5%,Partial,NC_030297.1,2803,"Torque teno mini virus 18 isolate 222, complete genome"
SRR2037085_NODE_6428,2509,86.3%,Partial,NC_014089.1,2908,"Torque teno mini virus 5, complete genome"
SRR2037085_NODE_6436,2508,89.5%,Partial,NC_030297.1,2803,"Torque teno mini virus 18 isolate 222, complete genome"
SRR2037085_NODE_6441,2507,77.1%,Partial,NC_014093.1,3253,"Torque teno midi virus 2, complete genome"
SRR2037085_NODE_6450,2505,86.0%,Partial,NC_020498.1,2912,"TTV-like mini virus isolate TTMV_LY1, complete genome"
SRR2037085_NODE_6473,2500,76.9%,Partial,NC_014093.1,3253,"Torque teno midi virus 2, complete genome"
SRR2037085_NODE_6479,2498,76.8%,Partial,NC_014093.1,3253,"Torque teno midi virus 2, complete genome"
SRR2037085_NODE_6480,2498,76.8%,Partial,NC_014093.1,3253,"Torque teno midi virus 2, complete genome"
SRR2037085_NODE_6491,2496,76.7%,Partial,NC_014093.1,3253,"Torque teno midi virus 2, complete genome"
SRR2037085_NODE_6508,2493,76.6%,Partial,NC_014093.1,3253,"Torque teno midi virus 2, complete genome"
SRR2037085_NODE_6513,2492,76.6%,Partial,NC_014093.1,3253,"Torque teno midi virus 2, complete genome"
SRR2037085_NODE_6514,2492,76.6%,Partial,NC_014093.1,3253,"Torque teno midi virus 2, complete genome"
SRR2037085_NODE_6531,2490,76.5%,Partial,NC_014093.1,3253,"Torque teno midi virus 2, complete genome"
SRR2037085_NODE_6544,2489,76.5%,Partial,NC_014093.1,3253,"Torque teno midi virus 2, complete genome"
SRR2037085_NODE_6545,2488,76.5%,Partial,NC_014093.1,3253,"Torque teno midi virus 2, complete genome"
SRR2037085_NODE_6547,2488,76.5%,Partial,NC_014093.1,3253,"Torque teno midi virus 2, complete genome"
SRR2037085_NODE_6552,2487,76.5%,Partial,NC_014093.1,3253,"Torque teno midi virus 2, complete genome"
SRR2037085_NODE_6554,2486,76.4%,Partial,NC_014093.1,3253,"Torque teno midi virus 2, complete genome"
SRR2037085_NODE_6559,2485,76.4%,Partial,NC_014093.1,3253,"Torque teno midi virus 2, complete genome"
SRR2037085_NODE_6564,2484,76.4%,Partial,NC_014093.1,3253,"Torque teno midi virus 2, complete genome"
SRR2037085_NODE_5107,2889,103.1%,Full-length,NC_030297.1,2803,"Torque teno mini virus 18 isolate 222, complete genome"
SRR2037085_NODE_5079,2896,103.3%,Full-length,NC_030297.1,2803,"Torque teno mini virus 18 isolate 222, complete genome"
SRR2037085_NODE_4706,3026,108.0%,Full-length,NC_030297.1,2803,"Torque teno mini virus 18 isolate 222, complete genome"
SRR2037085_NODE_6222,2560,91.3%,Partial,NC_030297.1,2803,"Torque teno mini virus 18 isolate 222, complete genome"
SRR2037085_NODE_6385,2519,89.9%,Partial,NC_030297.1,2803,"Torque teno mini virus 18 isolate 222, complete genome"
SRR2037085_NODE_6412,2512,89.6%,Partial,NC_030297.1,2803,"Torque teno mini virus 18 isolate 222, complete genome"
SRR2037085_NODE_6426,2509,89.5%,Partial,NC_030297.1,2803,"Torque teno mini virus 18 isolate 222, complete genome"
SRR2037085_NODE_6714,2459,87.7%,Partial,NC_030297.1,2803,"Torque teno mini virus 18 isolate 222, complete genome"
SRR2037085_NODE_6710,2460,87.8%,Partial,NC_030297.1,2803,"Torque teno mini virus 18 isolate 222, complete genome"
SRR2037085_NODE_6654,2469,88.1%,Partial,NC_030297.1,2803,"Torque teno mini virus 18 isolate 222, complete genome"
SRR2037085_NODE_6653,2469,88.1%,Partial,NC_030297.1,2803,"Torque teno mini virus 18 isolate 222, complete genome"
SRR2037085_NODE_6646,2470,88.1%,Partial,NC_030297.1,2803,"Torque teno mini virus 18 isolate 222, complete genome"
SRR2037085_NODE_6645,2470,88.1%,Partial,NC_030297.1,2803,"Torque teno mini virus 18 isolate 222, complete genome"
SRR2037085_NODE_6634,2473,88.2%,Partial,NC_030297.1,2803,"Torque teno mini virus 18 isolate 222, complete genome"
SRR2037085_NODE_6631,2473,88.2%,Partial,NC_030297.1,2803,"Torque teno mini virus 18 isolate 222, complete genome"
SRR2037085_NODE_6628,2473,88.2%,Partial,NC_030297.1,2803,"Torque teno mini virus 18 isolate 222, complete genome"
SRR2037085_NODE_6621,2475,88.3%,Partial,NC_030297.1,2803,"Torque teno mini virus 18 isolate 222, complete genome"
SRR2037085_NODE_6602,2478,88.4%,Partial,NC_030297.1,2803,"Torque teno mini virus 18 isolate 222, complete genome"
SRR2037085_NODE_6427,2509,89.5%,Partial,NC_030297.1,2803,"Torque teno mini virus 18 isolate 222, complete genome"
SRR2037085_NODE_6641,2471,88.2%,Partial,NC_030297.1,2803,"Torque teno mini virus 18 isolate 222, complete genome"
SRR7166883_NODE_5,3768,134.4%,Full-length,NC_030297.1,2803,"Torque teno mini virus 18 isolate 222, complete genome"
SRR7166883_NODE_14,2147,76.6%,Partial,NC_030297.1,2803,"Torque teno mini virus 18 isolate 222, complete genome"
SRR6316284_NODE_19,2502,89.3%,Partial,NC_030297.1,2803,"Torque teno mini virus 18 isolate 222, complete genome"
SRR6316284_NODE_14,2737,97.6%,Partial,NC_030297.1,2803,"Torque teno mini virus 18 isolate 222, complete genome"
SRR7167078_NODE_153,2464,87.9%,Partial,NC_030297.1,2803,"Torque teno mini virus 18 isolate 222, complete genome"
SRR7167078_NODE_118,2845,101.5%,Full-length,NC_030297.1,2803,"Torque teno mini virus 18 isolate 222, complete genome"
SRR7167078_NODE_190,2097,74.8%,Partial,NC_030297.1,2803,"Torque teno mini virus 18 isolate 222, complete genome"
SRR2037083_NODE_2170,2041,72.8%,Partial,NC_030297.1,2803,"Torque teno mini virus 18 isolate 222, complete genome"
SRR2037083_NODE_2139,2064,73.6%,Partial,NC_030297.1,2803,"Torque teno mini virus 18 isolate 222, complete genome"
SRR2037083_NODE_2195,2021,72.1%,Partial,NC_030297.1,2803,"Torque teno mini virus 18 isolate 222, complete genome"
SRR2037083_NODE_2173,2039,72.7%,Partial,NC_030297.1,2803,"Torque teno mini virus 18 isolate 222, complete genome"
SRR2037083_NODE_2093,2105,56.0%,Partial,NC_014075.1,3759,"Torque teno virus 12, complete genome"
SRR2037083_NODE_1376,2843,101.4%,Full-length,NC_030297.1,2803,"Torque teno mini virus 18 isolate 222, complete genome"
SRR2037083_NODE_1604,2538,90.5%,Partial,NC_030297.1,2803,"Torque teno mini virus 18 isolate 222, complete genome"
SRR2037083_NODE_1643,2510,89.5%,Partial,NC_030297.1,2803,"Torque teno mini virus 18 isolate 222, complete genome"
SRR2037083_NODE_1661,2497,89.1%,Partial,NC_030297.1,2803,"Torque teno mini virus 18 isolate 222, complete genome"
SRR2037083_NODE_1689,2478,88.4%,Partial,NC_030297.1,2803,"Torque teno mini virus 18 isolate 222, complete genome"
SRR2037083_NODE_1708,2467,88.0%,Partial,NC_030297.1,2803,"Torque teno mini virus 18 isolate 222, complete genome"
SRR2037083_NODE_1734,2446,87.3%,Partial,NC_030297.1,2803,"Torque teno mini virus 18 isolate 222, complete genome"
SRR2037083_NODE_1760,2420,86.3%,Partial,NC_030297.1,2803,"Torque teno mini virus 18 isolate 222, complete genome"
SRR2037083_NODE_1873,2295,61.1%,Partial,NC_014075.1,3759,"Torque teno virus 12, complete genome"
SRR2037083_NODE_2013,2168,57.7%,Partial,NC_014075.1,3759,"Torque teno virus 12, complete genome"
SRR2037083_NODE_2038,2150,76.7%,Partial,NC_030297.1,2803,"Torque teno mini virus 18 isolate 222, complete genome"
SRR2037083_NODE_1696,2474,88.3%,Partial,NC_030297.1,2803,"Torque teno mini virus 18 isolate 222, complete genome"
ERR1989828_NODE_605,3247,86.9%,Partial,NC_014080.1,3736,"Torque teno virus 7, complete genome"
SRR2037083_NODE_1055,3506,96.6%,Partial,NC_014073.1,3629,"Torque teno virus 28, complete genome"
SRR2037083_NODE_1207,3105,110.8%,Full-length,NC_030297.1,2803,"Torque teno mini virus 18 isolate 222, complete genome"
SRR2037083_NODE_1216,3083,82.0%,Partial,NC_014075.1,3759,"Torque teno virus 12, complete genome"
SRR2037083_NODE_1225,3068,81.6%,Partial,NC_014075.1,3759,"Torque teno virus 12, complete genome"
SRR2037083_NODE_1226,3067,82.1%,Partial,NC_014080.1,3736,"Torque teno virus 7, complete genome"
SRR2037083_NODE_1237,3045,81.0%,Partial,NC_014075.1,3759,"Torque teno virus 12, complete genome"
SRR2037083_NODE_1241,3039,80.8%,Partial,NC_014075.1,3759,"Torque teno virus 12, complete genome"
SRR2037083_NODE_1247,3026,81.0%,Partial,NC_014080.1,3736,"Torque teno virus 7, complete genome"
SRR2037083_NODE_1250,3025,80.5%,Partial,NC_014075.1,3759,"Torque teno virus 12, complete genome"
SRR2037083_NODE_1253,3021,103.7%,Full-length,NC_038347.1,2912,"Torque teno mini virus 12 isolate LIL-y3 ORF2, ORF1, ORF3, and ORF4 genes, complete cds"
SRR2037083_NODE_1261,3010,80.1%,Partial,NC_014075.1,3759,"Torque teno virus 12, complete genome"
SRR2037083_NODE_1286,2978,79.2%,Partial,NC_014075.1,3759,"Torque teno virus 12, complete genome"
SRR2037083_NODE_1287,2975,79.1%,Partial,NC_014075.1,3759,"Torque teno virus 12, complete genome"
SRR2037083_NODE_1289,2974,78.8%,Partial,NC_026764.1,3774,"Simian torque teno virus 33 isolate VWP00522.11, complete genome"
SRR2037083_NODE_1336,2912,77.5%,Partial,NC_014075.1,3759,"Torque teno virus 12, complete genome"
SRR2037083_NODE_1340,2905,77.0%,Partial,NC_026764.1,3774,"Simian torque teno virus 33 isolate VWP00522.11, complete genome"
SRR2037083_NODE_1344,2897,103.4%,Full-length,NC_030297.1,2803,"Torque teno mini virus 18 isolate 222, complete genome"
SRR2037083_NODE_1351,2892,76.9%,Partial,NC_014075.1,3759,"Torque teno virus 12, complete genome"
SRR2037083_NODE_1358,2883,76.7%,Partial,NC_014075.1,3759,"Torque teno virus 12, complete genome"
SRR2037083_NODE_1373,2845,101.5%,Full-length,NC_030297.1,2803,"Torque teno mini virus 18 isolate 222, complete genome"
SRR2037083_NODE_1378,2841,101.4%,Full-length,NC_030297.1,2803,"Torque teno mini virus 18 isolate 222, complete genome"
SRR2037083_NODE_1414,2801,74.7%,Partial,NC_014081.1,3748,"Torque teno virus 3, complete genome"
SRR2037083_NODE_1418,2795,74.4%,Partial,NC_014075.1,3759,"Torque teno virus 12, complete genome"
SRR2037083_NODE_1433,2769,98.8%,Partial,NC_030297.1,2803,"Torque teno mini virus 18 isolate 222, complete genome"
SRR2037083_NODE_1450,2739,72.9%,Partial,NC_014075.1,3759,"Torque teno virus 12, complete genome"
SRR2037083_NODE_1469,2722,72.4%,Partial,NC_014075.1,3759,"Torque teno virus 12, complete genome"
SRR2037083_NODE_1527,2634,70.1%,Partial,NC_014075.1,3759,"Torque teno virus 12, complete genome"
SRR2037083_NODE_1542,2615,80.9%,Partial,NC_038340.1,3234,"Torque teno virus 20 ORF4, ORF3, ORF2, ORF1 genes, complete cds, clone: SAa-10"
SRR2037083_NODE_1555,2595,79.8%,Partial,NC_014093.1,3253,"Torque teno midi virus 2, complete genome"
SRR2037083_NODE_1579,2569,79.0%,Partial,NC_014093.1,3253,"Torque teno midi virus 2, complete genome"
SRR2037083_NODE_1601,2540,78.1%,Partial,NC_014093.1,3253,"Torque teno midi virus 2, complete genome"
SRR2037083_NODE_1605,2538,78.0%,Partial,NC_014093.1,3253,"Torque teno midi virus 2, complete genome"
SRR2037083_NODE_1617,2528,98.4%,Partial,NC_030650.1,2568,"Gorilla anellovirus isolate GorF ORF2 and ORF1 genes, complete cds; and nonfunctional ORF3 gene, complete sequence"
SRR2037083_NODE_1656,2501,76.9%,Partial,NC_014093.1,3253,"Torque teno midi virus 2, complete genome"
SRR2037083_NODE_1663,2496,76.7%,Partial,NC_014093.1,3253,"Torque teno midi virus 2, complete genome"
SRR2037083_NODE_1670,2491,76.6%,Partial,NC_014093.1,3253,"Torque teno midi virus 2, complete genome"
SRR2037083_NODE_1676,2484,76.4%,Partial,NC_014093.1,3253,"Torque teno midi virus 2, complete genome"
SRR2037083_NODE_1680,2482,76.3%,Partial,NC_014093.1,3253,"Torque teno midi virus 2, complete genome"
SRR2037083_NODE_1683,2481,76.3%,Partial,NC_014093.1,3253,"Torque teno midi virus 2, complete genome"
SRR2037083_NODE_1685,2480,76.2%,Partial,NC_014093.1,3253,"Torque teno midi virus 2, complete genome"
SRR2037083_NODE_1688,2478,76.2%,Partial,NC_014093.1,3253,"Torque teno midi virus 2, complete genome"
SRR2037083_NODE_1690,2478,76.2%,Partial,NC_014093.1,3253,"Torque teno midi virus 2, complete genome"
SRR2037083_NODE_1695,2474,76.1%,Partial,NC_014093.1,3253,"Torque teno midi virus 2, complete genome"
SRR2037083_NODE_1697,2471,88.2%,Partial,NC_030297.1,2803,"Torque teno mini virus 18 isolate 222, complete genome"
SRR2037083_NODE_1718,2457,84.3%,Partial,NC_025726.1,2914,"Torque teno mini virus ALA22, complete genome"
SRR2037083_NODE_1768,2411,64.1%,Partial,NC_014075.1,3759,"Torque teno virus 12, complete genome"
SRR2037083_NODE_1875,2295,70.6%,Partial,NC_014093.1,3253,"Torque teno midi virus 2, complete genome"
SRR2037083_NODE_1969,2204,58.6%,Partial,NC_014075.1,3759,"Torque teno virus 12, complete genome"
SRR2037083_NODE_2001,2178,77.7%,Partial,NC_030297.1,2803,"Torque teno mini virus 18 isolate 222, complete genome"
SRR2037084_NODE_614,3233,86.0%,Partial,NC_014075.1,3759,"Torque teno virus 12, complete genome"
SRR2037084_NODE_641,3105,82.6%,Partial,NC_014075.1,3759,"Torque teno virus 12, complete genome"
SRR2037084_NODE_664,3035,79.5%,Partial,NC_014091.1,3818,"Torque teno virus 16, complete genome"
SRR2037084_NODE_677,2987,79.5%,Partial,NC_014075.1,3759,"Torque teno virus 12, complete genome"
SRR2037084_NODE_680,2981,79.8%,Partial,NC_014080.1,3736,"Torque teno virus 7, complete genome"
SRR8862005_NODE_9,2980,106.3%,Full-length,NC_030297.1,2803,"Torque teno mini virus 18 isolate 222, complete genome"
SRR8862010_NODE_20,3880,107.2%,Full-length,NC_026765.1,3621,"Simian torque teno virus 34 isolate VGA00120.1, complete genome"
SRR8862010_NODE_21,3815,105.4%,Full-length,NC_026765.1,3621,"Simian torque teno virus 34 isolate VGA00120.1, complete genome"
SRR8862010_NODE_26,3249,115.9%,Full-length,NC_030297.1,2803,"Torque teno mini virus 18 isolate 222, complete genome"
SRR8862010_NODE_35,3002,79.9%,Partial,NC_014075.1,3759,"Torque teno virus 12, complete genome"
SRR8862010_NODE_54,2554,78.5%,Partial,NC_014093.1,3253,"Torque teno midi virus 2, complete genome"
SRR8862010_NODE_58,2516,86.3%,Partial,NC_025726.1,2914,"Torque teno mini virus ALA22, complete genome"
SRR10951765_NODE_1097,3641,96.9%,Partial,NC_014075.1,3759,"Torque teno virus 12, complete genome"
SRR10951765_NODE_1233,3284,90.7%,Partial,NC_026765.1,3621,"Simian torque teno virus 34 isolate VGA00120.1, complete genome"
SRR10951765_NODE_1316,3048,80.8%,Partial,NC_026764.1,3774,"Simian torque teno virus 33 isolate VWP00522.11, complete genome"
SRR10951765_NODE_1318,3045,83.9%,Partial,NC_014073.1,3629,"Torque teno virus 28, complete genome"
SRR10951765_NODE_1335,2986,82.5%,Partial,NC_026765.1,3621,"Simian torque teno virus 34 isolate VGA00120.1, complete genome"
SRR10951765_NODE_1342,2970,79.0%,Partial,NC_014075.1,3759,"Torque teno virus 12, complete genome"
SRR10951765_NODE_1348,2953,78.6%,Partial,NC_014075.1,3759,"Torque teno virus 12, complete genome"
SRR10951765_NODE_1386,2856,76.0%,Partial,NC_014075.1,3759,"Torque teno virus 12, complete genome"
SRR10951765_NODE_1409,2824,97.0%,Partial,NC_020498.1,2912,"TTV-like mini virus isolate TTMV_LY1, complete genome"
SRR10951765_NODE_1527,2551,87.5%,Partial,NC_025726.1,2914,"Torque teno mini virus ALA22, complete genome"
SRR10951765_NODE_1602,2400,64.2%,Partial,NC_014080.1,3736,"Torque teno virus 7, complete genome"
SRR5681842_NODE_1,3126,83.7%,Partial,NC_014080.1,3736,"Torque teno virus 7, complete genome"
SRR5681769_NODE_1,2523,90.0%,Partial,NC_030297.1,2803,"Torque teno mini virus 18 isolate 222, complete genome"
SRR5681754_NODE_1,3547,98.0%,Partial,NC_026765.1,3621,"Simian torque teno virus 34 isolate VGA00120.1, complete genome"
SRR5681874_NODE_1,3098,82.1%,Partial,NC_026764.1,3774,"Simian torque teno virus 33 isolate VWP00522.11, complete genome"
DRR140178_NODE_3,2980,102.3%,Full-length,NC_020498.1,2912,"TTV-like mini virus isolate TTMV_LY1, complete genome"
DRR140176_NODE_16,2971,102.1%,Full-length,NC_014068.1,2910,"Torque teno mini virus 8, complete genome"
DRR140173_NODE_7,3255,89.7%,Partial,NC_014073.1,3629,"Torque teno virus 28, complete genome"
DRR140173_NODE_9,2971,106.0%,Full-length,NC_030297.1,2803,"Torque teno mini virus 18 isolate 222, complete genome"
DRR140166_NODE_29,3221,88.8%,Partial,NC_014073.1,3629,"Torque teno virus 28, complete genome"
SRR7166790_NODE_15,2961,101.7%,Full-length,NC_020498.1,2912,"TTV-like mini virus isolate TTMV_LY1, complete genome"
SRR7167018_NODE_73,2969,103.4%,Full-length,NC_038346.1,2871,"Torque teno mini virus 11 isolate LIL-y2 ORF2, ORF1, and ORF3 genes, complete cds"
SRR7166917_NODE_46,2958,105.5%,Full-length,NC_030297.1,2803,"Torque teno mini virus 18 isolate 222, complete genome"
SRR7166965_NODE_6,2904,100.2%,Full-length,NC_014095.1,2897,"Torque teno mini virus 6, complete genome"
SRR7166785_NODE_8,2988,102.6%,Full-length,NC_020498.1,2912,"TTV-like mini virus isolate TTMV_LY1, complete genome"
SRR7167078_NODE_105,2960,103.1%,Full-length,NC_038346.1,2871,"Torque teno mini virus 11 isolate LIL-y2 ORF2, ORF1, and ORF3 genes, complete cds"
SRR7167078_NODE_108,2931,90.1%,Partial,NC_014093.1,3253,"Torque teno midi virus 2, complete genome"
SRR7167078_NODE_114,2879,102.7%,Full-length,NC_030297.1,2803,"Torque teno mini virus 18 isolate 222, complete genome"
SRR7167073_NODE_69,2955,101.4%,Full-length,NC_025726.1,2914,"Torque teno mini virus ALA22, complete genome"
SRR7167022_NODE_102,2985,104.0%,Full-length,NC_038346.1,2871,"Torque teno mini virus 11 isolate LIL-y2 ORF2, ORF1, and ORF3 genes, complete cds"
SRR7166946_NODE_3,2838,98.9%,Partial,NC_038346.1,2871,"Torque teno mini virus 11 isolate LIL-y2 ORF2, ORF1, and ORF3 genes, complete cds"
SRR7166772_NODE_76,2937,100.8%,Full-length,NC_025726.1,2914,"Torque teno mini virus ALA22, complete genome"
SRR7166964_NODE_8,2904,103.6%,Full-length,NC_030297.1,2803,"Torque teno mini virus 18 isolate 222, complete genome"
SRR7166829_NODE_7,2983,102.4%,Full-length,NC_038347.1,2912,"Torque teno mini virus 12 isolate LIL-y3 ORF2, ORF1, ORF3, and ORF4 genes, complete cds"
SRR7167069_NODE_13,2951,105.3%,Full-length,NC_030297.1,2803,"Torque teno mini virus 18 isolate 222, complete genome"
SRR7166925_NODE_42,2904,103.6%,Full-length,NC_030297.1,2803,"Torque teno mini virus 18 isolate 222, complete genome"
SRR7166890_NODE_17,2931,100.7%,Full-length,NC_038347.1,2912,"Torque teno mini virus 12 isolate LIL-y3 ORF2, ORF1, ORF3, and ORF4 genes, complete cds"
SRR6316203_NODE_11,2895,103.3%,Full-length,NC_030297.1,2803,"Torque teno mini virus 18 isolate 222, complete genome"
SRR6316203_NODE_13,2867,102.3%,Full-length,NC_030297.1,2803,"Torque teno mini virus 18 isolate 222, complete genome"
SRR6316270_NODE_7,2996,104.4%,Full-length,NC_038346.1,2871,"Torque teno mini virus 11 isolate LIL-y2 ORF2, ORF1, and ORF3 genes, complete cds"
SRR6316217_NODE_7,2931,90.1%,Partial,NC_014093.1,3253,"Torque teno midi virus 2, complete genome"
SRR6316217_NODE_8,2906,103.7%,Full-length,NC_030297.1,2803,"Torque teno mini virus 18 isolate 222, complete genome"
SRR6316304_NODE_6,3241,115.6%,Full-length,NC_030297.1,2803,"Torque teno mini virus 18 isolate 222, complete genome"
SRR6316247_NODE_13,2823,100.7%,Full-length,NC_030297.1,2803,"Torque teno mini virus 18 isolate 222, complete genome"
SRR6316292_NODE_1,3780,134.9%,Full-length,NC_030297.1,2803,"Torque teno mini virus 18 isolate 222, complete genome"
SRR6316292_NODE_2,3768,134.4%,Full-length,NC_030297.1,2803,"Torque teno mini virus 18 isolate 222, complete genome"
SRR6316240_NODE_20,2891,99.3%,Partial,NC_038347.1,2912,"Torque teno mini virus 12 isolate LIL-y3 ORF2, ORF1, ORF3, and ORF4 genes, complete cds"
SRR6316202_NODE_13,2856,103.3%,Full-length,NC_014086.1,2765,"Torque teno mini virus 2, complete genome"
SRR8862009_NODE_1,3851,102.4%,Full-length,NC_014075.1,3759,"Torque teno virus 12, complete genome"
SRR8862005_NODE_7,2998,107.0%,Full-length,NC_030297.1,2803,"Torque teno mini virus 18 isolate 222, complete genome"
SRR8862005_NODE_11,2934,100.8%,Full-length,NC_038347.1,2912,"Torque teno mini virus 12 isolate LIL-y3 ORF2, ORF1, ORF3, and ORF4 genes, complete cds"
SRR8862010_NODE_45,2827,100.9%,Full-length,NC_030297.1,2803,"Torque teno mini virus 18 isolate 222, complete genome"
SRR2037085_NODE_9021,2020,55.8%,Partial,NC_026765.1,3621,"Simian torque teno virus 34 isolate VGA00120.1, complete genome"
SRR2037085_NODE_8590,2090,74.6%,Partial,NC_030297.1,2803,"Torque teno mini virus 18 isolate 222, complete genome"
SRR2037085_NODE_8547,2097,74.8%,Partial,NC_030297.1,2803,"Torque teno mini virus 18 isolate 222, complete genome"
SRR2037085_NODE_8262,2144,56.2%,Partial,NC_014091.1,3818,"Torque teno virus 16, complete genome"
SRR2037085_NODE_7460,2291,81.7%,Partial,NC_030297.1,2803,"Torque teno mini virus 18 isolate 222, complete genome"
SRR2037085_NODE_6819,2436,86.9%,Partial,NC_030297.1,2803,"Torque teno mini virus 18 isolate 222, complete genome"
SRR2037085_NODE_6615,2476,88.3%,Partial,NC_030297.1,2803,"Torque teno mini virus 18 isolate 222, complete genome"
SRR2037085_NODE_6570,2482,88.5%,Partial,NC_030297.1,2803,"Torque teno mini virus 18 isolate 222, complete genome"
SRR2037085_NODE_6534,2490,88.8%,Partial,NC_030297.1,2803,"Torque teno mini virus 18 isolate 222, complete genome"
SRR2037085_NODE_6391,2518,89.8%,Partial,NC_030297.1,2803,"Torque teno mini virus 18 isolate 222, complete genome"
SRR2037085_NODE_5504,2766,98.7%,Partial,NC_030297.1,2803,"Torque teno mini virus 18 isolate 222, complete genome"
SRR2037085_NODE_5475,2775,99.0%,Partial,NC_030297.1,2803,"Torque teno mini virus 18 isolate 222, complete genome"
SRR2037085_NODE_5209,2855,101.9%,Full-length,NC_030297.1,2803,"Torque teno mini virus 18 isolate 222, complete genome"
SRR2037085_NODE_4855,2977,106.2%,Full-length,NC_030297.1,2803,"Torque teno mini virus 18 isolate 222, complete genome"
SRR2037085_NODE_5404,2798,99.8%,Partial,NC_030297.1,2803,"Torque teno mini virus 18 isolate 222, complete genome"
SRR2037085_NODE_8640,2081,74.2%,Partial,NC_030297.1,2803,"Torque teno mini virus 18 isolate 222, complete genome"
SRR2037085_NODE_8639,2081,74.2%,Partial,NC_030297.1,2803,"Torque teno mini virus 18 isolate 222, complete genome"
SRR2037085_NODE_8523,2102,75.0%,Partial,NC_030297.1,2803,"Torque teno mini virus 18 isolate 222, complete genome"
SRR2037085_NODE_8414,2121,65.2%,Partial,NC_014093.1,3253,"Torque teno midi virus 2, complete genome"
SRR2037085_NODE_7975,2196,78.3%,Partial,NC_030297.1,2803,"Torque teno mini virus 18 isolate 222, complete genome"
SRR2037085_NODE_7941,2203,78.6%,Partial,NC_030297.1,2803,"Torque teno mini virus 18 isolate 222, complete genome"
SRR2037085_NODE_7456,2292,81.8%,Partial,NC_030297.1,2803,"Torque teno mini virus 18 isolate 222, complete genome"
SRR2037085_NODE_7354,2310,82.4%,Partial,NC_030297.1,2803,"Torque teno mini virus 18 isolate 222, complete genome"
SRR2037085_NODE_6879,2422,86.4%,Partial,NC_030297.1,2803,"Torque teno mini virus 18 isolate 222, complete genome"
SRR2037085_NODE_6827,2434,86.8%,Partial,NC_030297.1,2803,"Torque teno mini virus 18 isolate 222, complete genome"
SRR2037085_NODE_8723,2067,73.7%,Partial,NC_030297.1,2803,"Torque teno mini virus 18 isolate 222, complete genome"
SRR2037085_NODE_8922,2035,72.6%,Partial,NC_030297.1,2803,"Torque teno mini virus 18 isolate 222, complete genome"
SRR2037085_NODE_9045,2016,71.9%,Partial,NC_030297.1,2803,"Torque teno mini virus 18 isolate 222, complete genome"
SRR2037085_NODE_9022,2020,72.1%,Partial,NC_030297.1,2803,"Torque teno mini virus 18 isolate 222, complete genome"
SRR2037085_NODE_9013,2021,63.3%,Partial,NC_038338.1,3193,"Torque teno virus 11 isolate TCHN-D1 Orf2 and Orf1 genes, complete cds"
SRR2037085_NODE_8994,2025,72.2%,Partial,NC_030297.1,2803,"Torque teno mini virus 18 isolate 222, complete genome"
SRR2037085_NODE_8911,2037,72.7%,Partial,NC_030297.1,2803,"Torque teno mini virus 18 isolate 222, complete genome"
SRR2037085_NODE_6722,2456,87.6%,Partial,NC_030297.1,2803,"Torque teno mini virus 18 isolate 222, complete genome"
SRR2037085_NODE_6030,2614,93.3%,Partial,NC_030297.1,2803,"Torque teno mini virus 18 isolate 222, complete genome"
SRR2037085_NODE_5224,2850,101.7%,Full-length,NC_030297.1,2803,"Torque teno mini virus 18 isolate 222, complete genome"
SRR2037085_NODE_5210,2855,101.9%,Full-length,NC_030297.1,2803,"Torque teno mini virus 18 isolate 222, complete genome"
SRR2037085_NODE_5119,2885,102.9%,Full-length,NC_030297.1,2803,"Torque teno mini virus 18 isolate 222, complete genome"
SRR6316308_NODE_18,2379,84.9%,Partial,NC_030297.1,2803,"Torque teno mini virus 18 isolate 222, complete genome"
SRR6316308_NODE_3,3287,117.3%,Full-length,NC_030297.1,2803,"Torque teno mini virus 18 isolate 222, complete genome"
SRR6316308_NODE_19,2055,73.3%,Partial,NC_030297.1,2803,"Torque teno mini virus 18 isolate 222, complete genome"
SRR10951765_NODE_1327,3022,107.8%,Full-length,NC_030297.1,2803,"Torque teno mini virus 18 isolate 222, complete genome"
SRR10951765_NODE_1788,2079,74.2%,Partial,NC_030297.1,2803,"Torque teno mini virus 18 isolate 222, complete genome"
SRR6316221_NODE_17,2896,103.3%,Full-length,NC_030297.1,2803,"Torque teno mini virus 18 isolate 222, complete genome"
SRR5681747_NODE_1,2233,59.6%,Partial,NC_014081.1,3748,"Torque teno virus 3, complete genome"
SRR6316302_NODE_4,3037,108.3%,Full-length,NC_030297.1,2803,"Torque teno mini virus 18 isolate 222, complete genome"
SRR6316316_NODE_9,3062,109.2%,Full-length,NC_030297.1,2803,"Torque teno mini virus 18 isolate 222, complete genome"
SRR6316316_NODE_8,3194,113.9%,Full-length,NC_030297.1,2803,"Torque teno mini virus 18 isolate 222, complete genome"
DRR140173_NODE_17,2149,76.7%,Partial,NC_030297.1,2803,"Torque teno mini virus 18 isolate 222, complete genome"
DRR140174_NODE_16,2050,79.8%,Partial,NC_030650.1,2568,"Gorilla anellovirus isolate GorF ORF2 and ORF1 genes, complete cds; and nonfunctional ORF3 gene, complete sequence"
DRR140174_NODE_17,2022,62.2%,Partial,NC_014093.1,3253,"Torque teno midi virus 2, complete genome"
DRR140164_NODE_14,2856,101.9%,Full-length,NC_030297.1,2803,"Torque teno mini virus 18 isolate 222, complete genome"
DRR140164_NODE_16,2777,99.1%,Partial,NC_030297.1,2803,"Torque teno mini virus 18 isolate 222, complete genome"
DRR140164_NODE_21,2086,74.4%,Partial,NC_030297.1,2803,"Torque teno mini virus 18 isolate 222, complete genome"
DRR140175_NODE_1,2099,74.9%,Partial,NC_030297.1,2803,"Torque teno mini virus 18 isolate 222, complete genome"
SRR6316294_NODE_5,2979,106.3%,Full-length,NC_030297.1,2803,"Torque teno mini virus 18 isolate 222, complete genome"
SRR6316294_NODE_3,3104,110.7%,Full-length,NC_030297.1,2803,"Torque teno mini virus 18 isolate 222, complete genome"
SRR6316304_NODE_1,3708,132.3%,Full-length,NC_030297.1,2803,"Torque teno mini virus 18 isolate 222, complete genome"
SRR6316304_NODE_14,2741,97.8%,Partial,NC_030297.1,2803,"Torque teno mini virus 18 isolate 222, complete genome"
SRR8862009_NODE_8,2867,102.3%,Full-length,NC_030297.1,2803,"Torque teno mini virus 18 isolate 222, complete genome"
SRR7166809_NODE_1,2005,71.5%,Partial,NC_030297.1,2803,"Torque teno mini virus 18 isolate 222, complete genome"
SRR2037083_NODE_1170,3202,114.2%,Full-length,NC_030297.1,2803,"Torque teno mini virus 18 isolate 222, complete genome"
SRR2037083_NODE_1365,2864,88.0%,Partial,NC_014093.1,3253,"Torque teno midi virus 2, complete genome"
SRR2037083_NODE_1382,2836,75.9%,Partial,NC_014080.1,3736,"Torque teno virus 7, complete genome"
SRR2037083_NODE_1462,2730,83.9%,Partial,NC_014093.1,3253,"Torque teno midi virus 2, complete genome"
SRR2037083_NODE_1490,2690,82.7%,Partial,NC_014093.1,3253,"Torque teno midi virus 2, complete genome"
SRR2037083_NODE_1507,2667,82.0%,Partial,NC_014093.1,3253,"Torque teno midi virus 2, complete genome"
SRR2037083_NODE_1591,2556,78.6%,Partial,NC_014093.1,3253,"Torque teno midi virus 2, complete genome"
SRR2037083_NODE_1645,2508,77.1%,Partial,NC_014093.1,3253,"Torque teno midi virus 2, complete genome"
SRR2037083_NODE_1952,2217,68.2%,Partial,NC_014093.1,3253,"Torque teno midi virus 2, complete genome"
SRR2037084_NODE_786,2746,84.4%,Partial,NC_014093.1,3253,"Torque teno midi virus 2, complete genome"
SRR2037084_NODE_790,2735,94.1%,Partial,NC_014089.1,2908,"Torque teno mini virus 5, complete genome"
SRR2037084_NODE_797,2706,96.5%,Partial,NC_030297.1,2803,"Torque teno mini virus 18 isolate 222, complete genome"
SRR2037084_NODE_837,2590,79.5%,Partial,NC_038362.1,3257,"Torque teno midi virus 15 DNA, complete genome, isolate: Pt-TTMDV210"
SRR2037084_NODE_898,2480,76.2%,Partial,NC_014093.1,3253,"Torque teno midi virus 2, complete genome"
SRR2037085_NODE_5069,2899,103.4%,Full-length,NC_030297.1,2803,"Torque teno mini virus 18 isolate 222, complete genome"
SRR2037085_NODE_5337,2819,96.9%,Partial,NC_014089.1,2908,"Torque teno mini virus 5, complete genome"
SRR2037085_NODE_5417,2795,85.9%,Partial,NC_014093.1,3253,"Torque teno midi virus 2, complete genome"
SRR2037085_NODE_5425,2794,85.9%,Partial,NC_014093.1,3253,"Torque teno midi virus 2, complete genome"
SRR2037085_NODE_5559,2752,84.6%,Partial,NC_014093.1,3253,"Torque teno midi virus 2, complete genome"
SRR2037085_NODE_5588,2743,84.3%,Partial,NC_014093.1,3253,"Torque teno midi virus 2, complete genome"
SRR2037085_NODE_5626,2730,83.9%,Partial,NC_014093.1,3253,"Torque teno midi virus 2, complete genome"
SRR2037085_NODE_5654,2721,83.6%,Partial,NC_014093.1,3253,"Torque teno midi virus 2, complete genome"
SRR2037085_NODE_5742,2696,82.9%,Partial,NC_014093.1,3253,"Torque teno midi virus 2, complete genome"
SRR2037085_NODE_6007,2623,91.4%,Partial,NC_038346.1,2871,"Torque teno mini virus 11 isolate LIL-y2 ORF2, ORF1, and ORF3 genes, complete cds"
SRR2037085_NODE_6018,2618,89.9%,Partial,NC_038347.1,2912,"Torque teno mini virus 12 isolate LIL-y3 ORF2, ORF1, ORF3, and ORF4 genes, complete cds"
SRR2037085_NODE_6210,2563,78.8%,Partial,NC_014093.1,3253,"Torque teno midi virus 2, complete genome"
SRR2037085_NODE_6297,2542,88.5%,Partial,NC_038346.1,2871,"Torque teno mini virus 11 isolate LIL-y2 ORF2, ORF1, and ORF3 genes, complete cds"
SRR2037085_NODE_6353,2528,90.2%,Partial,NC_030297.1,2803,"Torque teno mini virus 18 isolate 222, complete genome"
SRR2037085_NODE_6439,2507,77.1%,Partial,NC_014093.1,3253,"Torque teno midi virus 2, complete genome"
SRR2037085_NODE_6476,2500,76.9%,Partial,NC_014093.1,3253,"Torque teno midi virus 2, complete genome"
SRR2037085_NODE_6487,2497,76.8%,Partial,NC_014093.1,3253,"Torque teno midi virus 2, complete genome"
SRR2037085_NODE_6499,2494,89.0%,Partial,NC_030297.1,2803,"Torque teno mini virus 18 isolate 222, complete genome"
SRR2037085_NODE_6533,2490,76.5%,Partial,NC_014093.1,3253,"Torque teno midi virus 2, complete genome"
SRR2037085_NODE_6550,2487,76.5%,Partial,NC_014093.1,3253,"Torque teno midi virus 2, complete genome"
SRR2037085_NODE_6558,2485,76.4%,Partial,NC_014093.1,3253,"Torque teno midi virus 2, complete genome"
SRR2037085_NODE_6592,2479,76.2%,Partial,NC_014093.1,3253,"Torque teno midi virus 2, complete genome"
SRR2037085_NODE_6604,2478,76.2%,Partial,NC_014093.1,3253,"Torque teno midi virus 2, complete genome"
SRR6316247_NODE_10,3024,80.9%,Partial,NC_014080.1,3736,"Torque teno virus 7, complete genome"
SRR6316247_NODE_11,3008,80.5%,Partial,NC_014080.1,3736,"Torque teno virus 7, complete genome"
SRR6316247_NODE_12,3007,80.0%,Partial,NC_014075.1,3759,"Torque teno virus 12, complete genome"
SRR6316247_NODE_14,2513,77.3%,Partial,NC_014093.1,3253,"Torque teno midi virus 2, complete genome"
SRR6316211_NODE_18,3782,134.9%,Full-length,NC_030297.1,2803,"Torque teno mini virus 18 isolate 222, complete genome"
SRR6316211_NODE_20,3704,98.5%,Partial,NC_014075.1,3759,"Torque teno virus 12, complete genome"
SRR6316211_NODE_22,3300,128.5%,Full-length,NC_030650.1,2568,"Gorilla anellovirus isolate GorF ORF2 and ORF1 genes, complete cds; and nonfunctional ORF3 gene, complete sequence"
SRR6316211_NODE_23,3159,84.6%,Partial,NC_014080.1,3736,"Torque teno virus 7, complete genome"
SRR6316299_NODE_14,3888,138.7%,Full-length,NC_030297.1,2803,"Torque teno mini virus 18 isolate 222, complete genome"
SRR6316236_NODE_3,2976,103.7%,Full-length,NC_038346.1,2871,"Torque teno mini virus 11 isolate LIL-y2 ORF2, ORF1, and ORF3 genes, complete cds"
SRR6316245_NODE_1,3961,105.4%,Full-length,NC_014075.1,3759,"Torque teno virus 12, complete genome"
SRR6316245_NODE_8,2940,78.2%,Partial,NC_014075.1,3759,"Torque teno virus 12, complete genome"
SRR6316245_NODE_9,2930,77.9%,Partial,NC_014075.1,3759,"Torque teno virus 12, complete genome"
SRR6316245_NODE_11,2783,99.3%,Partial,NC_030297.1,2803,"Torque teno mini virus 18 isolate 222, complete genome"
SRR6316245_NODE_16,2582,68.7%,Partial,NC_014075.1,3759,"Torque teno virus 12, complete genome"
SRR6316245_NODE_19,2398,85.6%,Partial,NC_030297.1,2803,"Torque teno mini virus 18 isolate 222, complete genome"
SRR6316245_NODE_21,2130,76.0%,Partial,NC_030297.1,2803,"Torque teno mini virus 18 isolate 222, complete genome"
SRR6316240_NODE_1,3725,132.9%,Full-length,NC_030297.1,2803,"Torque teno mini virus 18 isolate 222, complete genome"
SRR6316240_NODE_3,3708,98.6%,Partial,NC_014075.1,3759,"Torque teno virus 12, complete genome"
SRR6316240_NODE_4,3548,94.4%,Partial,NC_014075.1,3759,"Torque teno virus 12, complete genome"
SRR6316240_NODE_9,3194,85.0%,Partial,NC_014075.1,3759,"Torque teno virus 12, complete genome"
SRR6316240_NODE_10,3183,87.9%,Partial,NC_026765.1,3621,"Simian torque teno virus 34 isolate VGA00120.1, complete genome"
SRR6316240_NODE_11,3178,87.8%,Partial,NC_026765.1,3621,"Simian torque teno virus 34 isolate VGA00120.1, complete genome"
SRR6316240_NODE_12,3105,82.6%,Partial,NC_014075.1,3759,"Torque teno virus 12, complete genome"
SRR6316240_NODE_13,3104,83.1%,Partial,NC_014080.1,3736,"Torque teno virus 7, complete genome"
SRR6316240_NODE_17,3001,79.8%,Partial,NC_014075.1,3759,"Torque teno virus 12, complete genome"
SRR6316240_NODE_22,2758,96.1%,Partial,NC_038346.1,2871,"Torque teno mini virus 11 isolate LIL-y2 ORF2, ORF1, and ORF3 genes, complete cds"
SRR6316240_NODE_23,2687,95.9%,Partial,NC_030297.1,2803,"Torque teno mini virus 18 isolate 222, complete genome"
SRR6316284_NODE_6,3587,128.0%,Full-length,NC_030297.1,2803,"Torque teno mini virus 18 isolate 222, complete genome"
SRR6316284_NODE_11,2885,102.9%,Full-length,NC_030297.1,2803,"Torque teno mini virus 18 isolate 222, complete genome"
SRR6316284_NODE_12,2781,99.2%,Partial,NC_030297.1,2803,"Torque teno mini virus 18 isolate 222, complete genome"
SRR6316306_NODE_1,3674,131.1%,Full-length,NC_030297.1,2803,"Torque teno mini virus 18 isolate 222, complete genome"
SRR6316306_NODE_3,2940,77.0%,Partial,NC_014091.1,3818,"Torque teno virus 16, complete genome"
SRR6316307_NODE_2,3562,127.1%,Full-length,NC_030297.1,2803,"Torque teno mini virus 18 isolate 222, complete genome"
SRR6316307_NODE_3,3485,124.3%,Full-length,NC_030297.1,2803,"Torque teno mini virus 18 isolate 222, complete genome"
SRR6316307_NODE_5,3005,79.9%,Partial,NC_014075.1,3759,"Torque teno virus 12, complete genome"
SRR6316307_NODE_7,2855,101.9%,Full-length,NC_030297.1,2803,"Torque teno mini virus 18 isolate 222, complete genome"
SRR6316294_NODE_1,3685,98.6%,Partial,NC_014080.1,3736,"Torque teno virus 7, complete genome"
SRR6316294_NODE_2,3554,94.5%,Partial,NC_014075.1,3759,"Torque teno virus 12, complete genome"
SRR2037085_NODE_6565,2484,76.4%,Partial,NC_014093.1,3253,"Torque teno midi virus 2, complete genome"
SRR2037085_NODE_6579,2481,85.1%,Partial,NC_025726.1,2914,"Torque teno mini virus ALA22, complete genome"
SRR2037085_NODE_6586,2480,76.2%,Partial,NC_014093.1,3253,"Torque teno midi virus 2, complete genome"
SRR2037085_NODE_6587,2480,88.5%,Partial,NC_030297.1,2803,"Torque teno mini virus 18 isolate 222, complete genome"
SRR2037085_NODE_6607,2477,76.1%,Partial,NC_014093.1,3253,"Torque teno midi virus 2, complete genome"
SRR2037085_NODE_6619,2475,85.1%,Partial,NC_014089.1,2908,"Torque teno mini virus 5, complete genome"
SRR2037085_NODE_6624,2474,76.1%,Partial,NC_014093.1,3253,"Torque teno midi virus 2, complete genome"
SRR2037085_NODE_6625,2474,86.2%,Partial,NC_038346.1,2871,"Torque teno mini virus 11 isolate LIL-y2 ORF2, ORF1, and ORF3 genes, complete cds"
SRR2037085_NODE_6636,2473,84.9%,Partial,NC_038347.1,2912,"Torque teno mini virus 12 isolate LIL-y3 ORF2, ORF1, ORF3, and ORF4 genes, complete cds"
SRR2037085_NODE_6643,2471,76.0%,Partial,NC_014093.1,3253,"Torque teno midi virus 2, complete genome"
SRR2037085_NODE_6659,2468,75.9%,Partial,NC_014093.1,3253,"Torque teno midi virus 2, complete genome"
SRR2037085_NODE_6668,2466,75.8%,Partial,NC_014093.1,3253,"Torque teno midi virus 2, complete genome"
SRR2037085_NODE_6669,2466,75.8%,Partial,NC_014093.1,3253,"Torque teno midi virus 2, complete genome"
SRR2037085_NODE_6672,2466,84.8%,Partial,NC_014089.1,2908,"Torque teno mini virus 5, complete genome"
SRR2037085_NODE_6689,2463,75.7%,Partial,NC_014093.1,3253,"Torque teno midi virus 2, complete genome"
SRR2037085_NODE_6691,2463,75.7%,Partial,NC_014093.1,3253,"Torque teno midi virus 2, complete genome"
SRR2037085_NODE_6695,2463,75.7%,Partial,NC_014093.1,3253,"Torque teno midi virus 2, complete genome"
SRR2037085_NODE_6704,2462,84.7%,Partial,NC_014089.1,2908,"Torque teno mini virus 5, complete genome"
SRR2037085_NODE_6716,2459,84.6%,Partial,NC_014089.1,2908,"Torque teno mini virus 5, complete genome"
SRR2037085_NODE_6719,2457,84.5%,Partial,NC_014089.1,2908,"Torque teno mini virus 5, complete genome"
SRR2037085_NODE_6789,2442,75.1%,Partial,NC_014093.1,3253,"Torque teno midi virus 2, complete genome"
SRR2037085_NODE_6798,2441,75.0%,Partial,NC_014093.1,3253,"Torque teno midi virus 2, complete genome"
SRR2037085_NODE_6804,2439,75.0%,Partial,NC_014093.1,3253,"Torque teno midi virus 2, complete genome"
SRR2037085_NODE_6805,2439,83.9%,Partial,NC_014089.1,2908,"Torque teno mini virus 5, complete genome"
SRR2037085_NODE_6829,2434,74.8%,Partial,NC_014093.1,3253,"Torque teno midi virus 2, complete genome"
SRR2037085_NODE_6833,2433,86.8%,Partial,NC_030297.1,2803,"Torque teno mini virus 18 isolate 222, complete genome"
SRR2037085_NODE_6834,2433,74.8%,Partial,NC_014093.1,3253,"Torque teno midi virus 2, complete genome"
SRR2037085_NODE_6881,2422,74.5%,Partial,NC_014093.1,3253,"Torque teno midi virus 2, complete genome"
SRR2037085_NODE_6895,2418,86.3%,Partial,NC_030297.1,2803,"Torque teno mini virus 18 isolate 222, complete genome"
SRR2037085_NODE_6955,2405,73.9%,Partial,NC_014093.1,3253,"Torque teno midi virus 2, complete genome"
SRR2037085_NODE_7023,2387,73.4%,Partial,NC_014093.1,3253,"Torque teno midi virus 2, complete genome"
SRR2037085_NODE_7091,2369,72.8%,Partial,NC_014093.1,3253,"Torque teno midi virus 2, complete genome"
SRR2037085_NODE_7098,2368,72.8%,Partial,NC_014093.1,3253,"Torque teno midi virus 2, complete genome"
SRR2037085_NODE_7468,2290,70.4%,Partial,NC_014093.1,3253,"Torque teno midi virus 2, complete genome"
SRR2037085_NODE_7531,2279,81.3%,Partial,NC_030297.1,2803,"Torque teno mini virus 18 isolate 222, complete genome"
SRR2037085_NODE_7877,2215,79.0%,Partial,NC_030297.1,2803,"Torque teno mini virus 18 isolate 222, complete genome"
SRR2037085_NODE_8039,2184,77.9%,Partial,NC_030297.1,2803,"Torque teno mini virus 18 isolate 222, complete genome"
SRR2037085_NODE_8055,2181,67.0%,Partial,NC_014093.1,3253,"Torque teno midi virus 2, complete genome"
SRR2037085_NODE_8406,2122,73.0%,Partial,NC_014089.1,2908,"Torque teno mini virus 5, complete genome"
SRR2037085_NODE_8719,2068,73.8%,Partial,NC_030297.1,2803,"Torque teno mini virus 18 isolate 222, complete genome"
SRR2037083_NODE_1273,2990,102.6%,Full-length,NC_025726.1,2914,"Torque teno mini virus ALA22, complete genome"
SRR2037083_NODE_1361,2876,102.6%,Full-length,NC_030297.1,2803,"Torque teno mini virus 18 isolate 222, complete genome"
SRR2037084_NODE_681,2974,102.1%,Full-length,NC_025726.1,2914,"Torque teno mini virus ALA22, complete genome"
SRR2037084_NODE_732,2866,102.2%,Full-length,NC_030297.1,2803,"Torque teno mini virus 18 isolate 222, complete genome"
SRR2037085_NODE_4938,2949,101.3%,Full-length,NC_038347.1,2912,"Torque teno mini virus 12 isolate LIL-y3 ORF2, ORF1, ORF3, and ORF4 genes, complete cds"
SRR2037085_NODE_5187,2862,102.1%,Full-length,NC_030297.1,2803,"Torque teno mini virus 18 isolate 222, complete genome"
SRR2037085_NODE_5331,2820,100.6%,Full-length,NC_030297.1,2803,"Torque teno mini virus 18 isolate 222, complete genome"
DRR140177_NODE_1,3678,101.4%,Full-length,NC_014073.1,3629,"Torque teno virus 28, complete genome"
DRR140176_NODE_17,2904,103.6%,Full-length,NC_030297.1,2803,"Torque teno mini virus 18 isolate 222, complete genome"
DRR140173_NODE_2,3631,100.3%,Full-length,NC_026765.1,3621,"Simian torque teno virus 34 isolate VGA00120.1, complete genome"
DRR140173_NODE_3,3530,97.3%,Partial,NC_014073.1,3629,"Torque teno virus 28, complete genome"
DRR140173_NODE_4,3525,93.4%,Partial,NC_026764.1,3774,"Simian torque teno virus 33 isolate VWP00522.11, complete genome"
DRR140173_NODE_5,3452,92.4%,Partial,NC_014080.1,3736,"Torque teno virus 7, complete genome"
DRR140173_NODE_14,2503,76.9%,Partial,NC_014093.1,3253,"Torque teno midi virus 2, complete genome"
DRR140173_NODE_16,2430,86.7%,Partial,NC_030297.1,2803,"Torque teno mini virus 18 isolate 222, complete genome"
DRR140162_NODE_1,3711,98.7%,Partial,NC_014075.1,3759,"Torque teno virus 12, complete genome"
DRR140166_NODE_22,3833,102.6%,Full-length,NC_014080.1,3736,"Torque teno virus 7, complete genome"
DRR140166_NODE_32,3100,82.1%,Partial,NC_026764.1,3774,"Simian torque teno virus 33 isolate VWP00522.11, complete genome"
DRR140166_NODE_36,3035,108.3%,Full-length,NC_030297.1,2803,"Torque teno mini virus 18 isolate 222, complete genome"
DRR140166_NODE_54,2692,93.8%,Partial,NC_038346.1,2871,"Torque teno mini virus 11 isolate LIL-y2 ORF2, ORF1, and ORF3 genes, complete cds"
DRR140174_NODE_1,3735,99.4%,Partial,NC_014075.1,3759,"Torque teno virus 12, complete genome"
DRR140174_NODE_4,3208,88.6%,Partial,NC_026765.1,3621,"Simian torque teno virus 34 isolate VGA00120.1, complete genome"
DRR140174_NODE_9,2891,79.7%,Partial,NC_014073.1,3629,"Torque teno virus 28, complete genome"
DRR140174_NODE_12,2681,95.6%,Partial,NC_030297.1,2803,"Torque teno mini virus 18 isolate 222, complete genome"
DRR140164_NODE_2,3763,100.1%,Full-length,NC_014075.1,3759,"Torque teno virus 12, complete genome"
DRR140164_NODE_4,3432,91.9%,Partial,NC_014080.1,3736,"Torque teno virus 7, complete genome"
DRR140164_NODE_5,3330,89.1%,Partial,NC_014080.1,3736,"Torque teno virus 7, complete genome"
DRR140164_NODE_6,3329,88.6%,Partial,NC_014075.1,3759,"Torque teno virus 12, complete genome"
DRR140164_NODE_11,2936,78.1%,Partial,NC_014075.1,3759,"Torque teno virus 12, complete genome"
DRR140164_NODE_13,2885,99.1%,Partial,NC_020498.1,2912,"TTV-like mini virus isolate TTMV_LY1, complete genome"
DRR140164_NODE_17,2724,75.1%,Partial,NC_014073.1,3629,"Torque teno virus 28, complete genome"
DRR140165_NODE_22,3550,126.7%,Full-length,NC_030297.1,2803,"Torque teno mini virus 18 isolate 222, complete genome"
DRR140165_NODE_26,3447,91.7%,Partial,NC_014075.1,3759,"Torque teno virus 12, complete genome"
DRR140165_NODE_31,3263,98.5%,Partial,NC_038339.1,3312,"Torque teno virus 13 isolate TCHN-A Orf2 and Orf1 genes, complete cds"
DRR140165_NODE_38,3006,83.0%,Partial,NC_026765.1,3621,"Simian torque teno virus 34 isolate VGA00120.1, complete genome"
DRR140165_NODE_41,2939,78.2%,Partial,NC_014075.1,3759,"Torque teno virus 12, complete genome"
DRR140165_NODE_49,2854,87.7%,Partial,NC_014093.1,3253,"Torque teno midi virus 2, complete genome"
SRR7166790_NODE_13,3662,98.0%,Partial,NC_014080.1,3736,"Torque teno virus 7, complete genome"
SRR7167018_NODE_55,3579,95.8%,Partial,NC_014080.1,3736,"Torque teno virus 7, complete genome"
SRR7167018_NODE_56,3575,95.1%,Partial,NC_014075.1,3759,"Torque teno virus 12, complete genome"
SRR7167018_NODE_60,3471,92.3%,Partial,NC_014075.1,3759,"Torque teno virus 12, complete genome"
SRR7167010_NODE_6,2569,91.7%,Partial,NC_030297.1,2803,"Torque teno mini virus 18 isolate 222, complete genome"
SRR7167076_NODE_1,2823,100.7%,Full-length,NC_030297.1,2803,"Torque teno mini virus 18 isolate 222, complete genome"
SRR7167030_NODE_11,3840,137.0%,Full-length,NC_030297.1,2803,"Torque teno mini virus 18 isolate 222, complete genome"
SRR7166877_NODE_24,3132,83.0%,Partial,NC_026764.1,3774,"Simian torque teno virus 33 isolate VWP00522.11, complete genome"
SRR7166877_NODE_44,2009,53.4%,Partial,NC_014075.1,3759,"Torque teno virus 12, complete genome"
SRR7166822_NODE_5,3790,100.8%,Full-length,NC_014075.1,3759,"Torque teno virus 12, complete genome"
SRR7167078_NODE_60,3947,105.0%,Full-length,NC_014075.1,3759,"Torque teno virus 12, complete genome"
SRR7167078_NODE_69,3587,95.4%,Partial,NC_014075.1,3759,"Torque teno virus 12, complete genome"
SRR7167078_NODE_70,3587,95.4%,Partial,NC_014075.1,3759,"Torque teno virus 12, complete genome"
SRR7167078_NODE_76,3490,124.5%,Full-length,NC_030297.1,2803,"Torque teno mini virus 18 isolate 222, complete genome"
SRR7167078_NODE_86,3272,87.0%,Partial,NC_014075.1,3759,"Torque teno virus 12, complete genome"
SRR7167078_NODE_94,3150,112.4%,Full-length,NC_030297.1,2803,"Torque teno mini virus 18 isolate 222, complete genome"
SRR7167078_NODE_98,3036,118.2%,Full-length,NC_030650.1,2568,"Gorilla anellovirus isolate GorF ORF2 and ORF1 genes, complete cds; and nonfunctional ORF3 gene, complete sequence"
SRR7167078_NODE_100,3025,80.5%,Partial,NC_014075.1,3759,"Torque teno virus 12, complete genome"
SRR7167078_NODE_106,2933,92.0%,Partial,NC_038359.1,3187,"Torque teno midi virus 12 DNA, complete genome, isolate: MDJN51"
SRR7167078_NODE_107,2931,104.6%,Full-length,NC_030297.1,2803,"Torque teno mini virus 18 isolate 222, complete genome"
SRR7167078_NODE_110,2905,101.2%,Full-length,NC_038346.1,2871,"Torque teno mini virus 11 isolate LIL-y2 ORF2, ORF1, and ORF3 genes, complete cds"
SRR7167078_NODE_112,2890,103.1%,Full-length,NC_030297.1,2803,"Torque teno mini virus 18 isolate 222, complete genome"
SRR7167078_NODE_113,2881,100.3%,Full-length,NC_038346.1,2871,"Torque teno mini virus 11 isolate LIL-y2 ORF2, ORF1, and ORF3 genes, complete cds"
SRR6316304_NODE_2,3647,100.7%,Full-length,NC_026765.1,3621,"Simian torque teno virus 34 isolate VGA00120.1, complete genome"
SRR6316304_NODE_5,3549,94.4%,Partial,NC_014075.1,3759,"Torque teno virus 12, complete genome"
SRR6316304_NODE_8,2960,78.7%,Partial,NC_014075.1,3759,"Torque teno virus 12, complete genome"
SRR6316304_NODE_10,2940,81.2%,Partial,NC_026765.1,3621,"Simian torque teno virus 34 isolate VGA00120.1, complete genome"
SRR6316259_NODE_1,3428,91.8%,Partial,NC_014080.1,3736,"Torque teno virus 7, complete genome"
SRR6316209_NODE_21,3898,103.7%,Full-length,NC_014075.1,3759,"Torque teno virus 12, complete genome"
SRR6316209_NODE_22,3832,102.6%,Full-length,NC_014080.1,3736,"Torque teno virus 7, complete genome"
SRR6316209_NODE_24,3620,96.9%,Partial,NC_014080.1,3736,"Torque teno virus 7, complete genome"
SRR6316209_NODE_27,3587,96.0%,Partial,NC_014080.1,3736,"Torque teno virus 7, complete genome"
SRR6316209_NODE_30,3386,90.6%,Partial,NC_014080.1,3736,"Torque teno virus 7, complete genome"
SRR6316209_NODE_32,3382,93.4%,Partial,NC_026765.1,3621,"Simian torque teno virus 34 isolate VGA00120.1, complete genome"
SRR6316209_NODE_42,2949,78.5%,Partial,NC_014075.1,3759,"Torque teno virus 12, complete genome"
SRR6316209_NODE_43,2939,78.7%,Partial,NC_014080.1,3736,"Torque teno virus 7, complete genome"
SRR6316209_NODE_47,2906,80.1%,Partial,NC_014073.1,3629,"Torque teno virus 28, complete genome"
SRR6316209_NODE_54,2757,98.4%,Partial,NC_030297.1,2803,"Torque teno mini virus 18 isolate 222, complete genome"
SRR6316207_NODE_1,3739,103.3%,Full-length,NC_026765.1,3621,"Simian torque teno virus 34 isolate VGA00120.1, complete genome"
SRR6316207_NODE_2,3601,99.4%,Partial,NC_026765.1,3621,"Simian torque teno virus 34 isolate VGA00120.1, complete genome"
SRR6316207_NODE_4,3081,80.7%,Partial,NC_014091.1,3818,"Torque teno virus 16, complete genome"
SRR6316207_NODE_7,2996,82.7%,Partial,NC_026765.1,3621,"Simian torque teno virus 34 isolate VGA00120.1, complete genome"
SRR6316207_NODE_13,2455,75.5%,Partial,NC_014093.1,3253,"Torque teno midi virus 2, complete genome"
SRR6316199_NODE_1,3219,125.4%,Full-length,NC_030650.1,2568,"Gorilla anellovirus isolate GorF ORF2 and ORF1 genes, complete cds; and nonfunctional ORF3 gene, complete sequence"
SRR6316199_NODE_2,3002,107.1%,Full-length,NC_030297.1,2803,"Torque teno mini virus 18 isolate 222, complete genome"
SRR6316318_NODE_3,3701,98.5%,Partial,NC_014075.1,3759,"Torque teno virus 12, complete genome"
SRR6316247_NODE_5,3782,101.2%,Full-length,NC_014080.1,3736,"Torque teno virus 7, complete genome"
SRR6316247_NODE_6,3313,118.2%,Full-length,NC_030297.1,2803,"Torque teno mini virus 18 isolate 222, complete genome"
SRR6316247_NODE_7,3312,118.2%,Full-length,NC_030297.1,2803,"Torque teno mini virus 18 isolate 222, complete genome"
SRR2037083_NODE_1299,2956,105.5%,Full-length,NC_030297.1,2803,"Torque teno mini virus 18 isolate 222, complete genome"
SRR2037084_NODE_1060,2186,60.4%,Partial,NC_026765.1,3621,"Simian torque teno virus 34 isolate VGA00120.1, complete genome"
SRR2037084_NODE_1174,2002,71.4%,Partial,NC_030297.1,2803,"Torque teno mini virus 18 isolate 222, complete genome"
SRR2037084_NODE_1170,2005,71.5%,Partial,NC_030297.1,2803,"Torque teno mini virus 18 isolate 222, complete genome"
SRR2037084_NODE_1122,2090,74.6%,Partial,NC_030297.1,2803,"Torque teno mini virus 18 isolate 222, complete genome"
SRR2037084_NODE_843,2569,91.7%,Partial,NC_030297.1,2803,"Torque teno mini virus 18 isolate 222, complete genome"
SRR2037084_NODE_738,2859,102.0%,Full-length,NC_030297.1,2803,"Torque teno mini virus 18 isolate 222, complete genome"
SRR2037084_NODE_645,3100,110.6%,Full-length,NC_030297.1,2803,"Torque teno mini virus 18 isolate 222, complete genome"
SRR2037084_NODE_561,3458,123.4%,Full-length,NC_030297.1,2803,"Torque teno mini virus 18 isolate 222, complete genome"
SRR2037084_NODE_836,2591,68.9%,Partial,NC_014075.1,3759,"Torque teno virus 12, complete genome"
SRR2037084_NODE_938,2421,86.4%,Partial,NC_030297.1,2803,"Torque teno mini virus 18 isolate 222, complete genome"
SRR2037084_NODE_1018,2270,81.0%,Partial,NC_030297.1,2803,"Torque teno mini virus 18 isolate 222, complete genome"
SRR6316241_NODE_4,3695,131.8%,Full-length,NC_030297.1,2803,"Torque teno mini virus 18 isolate 222, complete genome"
SRR6316209_NODE_40,3040,108.5%,Full-length,NC_030297.1,2803,"Torque teno mini virus 18 isolate 222, complete genome"
SRR6316209_NODE_38,3090,110.2%,Full-length,NC_030297.1,2803,"Torque teno mini virus 18 isolate 222, complete genome"
SRR6316307_NODE_8,2837,101.2%,Full-length,NC_030297.1,2803,"Torque teno mini virus 18 isolate 222, complete genome"
SRR6316257_NODE_24,2402,85.7%,Partial,NC_030297.1,2803,"Torque teno mini virus 18 isolate 222, complete genome"
SRR6316270_NODE_13,2674,95.4%,Partial,NC_030297.1,2803,"Torque teno mini virus 18 isolate 222, complete genome"
SRR6316270_NODE_10,2884,102.9%,Full-length,NC_030297.1,2803,"Torque teno mini virus 18 isolate 222, complete genome"
SRR6316298_NODE_12,3080,109.9%,Full-length,NC_030297.1,2803,"Torque teno mini virus 18 isolate 222, complete genome"
SRR6316298_NODE_13,3073,109.6%,Full-length,NC_030297.1,2803,"Torque teno mini virus 18 isolate 222, complete genome"
SRR6316298_NODE_20,2793,99.6%,Partial,NC_030297.1,2803,"Torque teno mini virus 18 isolate 222, complete genome"
SRR6316298_NODE_23,2579,92.0%,Partial,NC_030297.1,2803,"Torque teno mini virus 18 isolate 222, complete genome"
SRR6316298_NODE_30,2179,77.7%,Partial,NC_030297.1,2803,"Torque teno mini virus 18 isolate 222, complete genome"
SRR6316298_NODE_26,2449,87.4%,Partial,NC_030297.1,2803,"Torque teno mini virus 18 isolate 222, complete genome"
SRR6316286_NODE_8,2462,87.8%,Partial,NC_030297.1,2803,"Torque teno mini virus 18 isolate 222, complete genome"
SRR6316286_NODE_6,2825,100.8%,Full-length,NC_030297.1,2803,"Torque teno mini virus 18 isolate 222, complete genome"
SRR6316233_NODE_32,2374,84.7%,Partial,NC_030297.1,2803,"Torque teno mini virus 18 isolate 222, complete genome"
SRR6316233_NODE_15,2959,105.6%,Full-length,NC_030297.1,2803,"Torque teno mini virus 18 isolate 222, complete genome"
SRR6316240_NODE_2,3724,132.9%,Full-length,NC_030297.1,2803,"Torque teno mini virus 18 isolate 222, complete genome"
SRR6316240_NODE_27,2401,85.7%,Partial,NC_030297.1,2803,"Torque teno mini virus 18 isolate 222, complete genome"
SRR6316240_NODE_24,2686,95.8%,Partial,NC_030297.1,2803,"Torque teno mini virus 18 isolate 222, complete genome"
SRR6316231_NODE_1,3716,132.6%,Full-length,NC_030297.1,2803,"Torque teno mini virus 18 isolate 222, complete genome"
SRR6316217_NODE_3,3475,124.0%,Full-length,NC_030297.1,2803,"Torque teno mini virus 18 isolate 222, complete genome"
SRR6316245_NODE_12,2782,99.3%,Partial,NC_030297.1,2803,"Torque teno mini virus 18 isolate 222, complete genome"
SRR6316245_NODE_13,2760,98.5%,Partial,NC_030297.1,2803,"Torque teno mini virus 18 isolate 222, complete genome"
SRR6316245_NODE_3,3051,108.8%,Full-length,NC_030297.1,2803,"Torque teno mini virus 18 isolate 222, complete genome"
SRR6316245_NODE_18,2419,86.3%,Partial,NC_030297.1,2803,"Torque teno mini virus 18 isolate 222, complete genome"
SRR6316203_NODE_17,2851,101.7%,Full-length,NC_030297.1,2803,"Torque teno mini virus 18 isolate 222, complete genome"
SRR6316203_NODE_14,2865,102.2%,Full-length,NC_030297.1,2803,"Torque teno mini virus 18 isolate 222, complete genome"
SRR6316207_NODE_3,3597,128.3%,Full-length,NC_030297.1,2803,"Torque teno mini virus 18 isolate 222, complete genome"
DRR140166_NODE_96,2072,73.9%,Partial,NC_030297.1,2803,"Torque teno mini virus 18 isolate 222, complete genome"
SRR8862005_NODE_16,2029,72.4%,Partial,NC_030297.1,2803,"Torque teno mini virus 18 isolate 222, complete genome"
SRR8862005_NODE_5,3055,109.0%,Full-length,NC_030297.1,2803,"Torque teno mini virus 18 isolate 222, complete genome"
SRR8862005_NODE_13,2307,82.3%,Partial,NC_030297.1,2803,"Torque teno mini virus 18 isolate 222, complete genome"
SRR7166860_NODE_1,2940,104.9%,Full-length,NC_030297.1,2803,"Torque teno mini virus 18 isolate 222, complete genome"
SRR8862010_NODE_60,2506,89.4%,Partial,NC_030297.1,2803,"Torque teno mini virus 18 isolate 222, complete genome"
SRR8862010_NODE_59,2509,89.5%,Partial,NC_030297.1,2803,"Torque teno mini virus 18 isolate 222, complete genome"
SRR8862010_NODE_52,2568,91.6%,Partial,NC_030297.1,2803,"Torque teno mini virus 18 isolate 222, complete genome"
DRR140165_NODE_60,2497,89.1%,Partial,NC_030297.1,2803,"Torque teno mini virus 18 isolate 222, complete genome"
DRR140165_NODE_40,2982,106.4%,Full-length,NC_030297.1,2803,"Torque teno mini virus 18 isolate 222, complete genome"
SRR2037085_NODE_6632,2473,76.0%,Partial,NC_014093.1,3253,"Torque teno midi virus 2, complete genome"
SRR2037085_NODE_6648,2470,75.9%,Partial,NC_014093.1,3253,"Torque teno midi virus 2, complete genome"
SRR2037085_NODE_6706,2461,75.7%,Partial,NC_014093.1,3253,"Torque teno midi virus 2, complete genome"
SRR2037085_NODE_6720,2457,75.5%,Partial,NC_014093.1,3253,"Torque teno midi virus 2, complete genome"
SRR2037085_NODE_6794,2441,75.0%,Partial,NC_014093.1,3253,"Torque teno midi virus 2, complete genome"
SRR2037085_NODE_7100,2367,72.8%,Partial,NC_014093.1,3253,"Torque teno midi virus 2, complete genome"
SRR2037085_NODE_8987,2026,62.3%,Partial,NC_014093.1,3253,"Torque teno midi virus 2, complete genome"
SRR2037083_NODE_1326,2925,104.4%,Full-length,NC_030297.1,2803,"Torque teno mini virus 18 isolate 222, complete genome"
SRR2037085_NODE_4998,2925,104.4%,Full-length,NC_030297.1,2803,"Torque teno mini virus 18 isolate 222, complete genome"
DRR140166_NODE_60,2632,93.9%,Partial,NC_030297.1,2803,"Torque teno mini virus 18 isolate 222, complete genome"
DRR140166_NODE_99,2031,62.4%,Partial,NC_014093.1,3253,"Torque teno midi virus 2, complete genome"
DRR140164_NODE_18,2515,77.3%,Partial,NC_014093.1,3253,"Torque teno midi virus 2, complete genome"
SRR7166790_NODE_18,2803,86.2%,Partial,NC_014093.1,3253,"Torque teno midi virus 2, complete genome"
SRR7166883_NODE_12,2402,73.8%,Partial,NC_014093.1,3253,"Torque teno midi virus 2, complete genome"
SRR7166752_NODE_1,2745,84.4%,Partial,NC_014093.1,3253,"Torque teno midi virus 2, complete genome"
SRR7166772_NODE_78,2820,86.7%,Partial,NC_014093.1,3253,"Torque teno midi virus 2, complete genome"
SRR7166991_NODE_18,2765,85.0%,Partial,NC_014093.1,3253,"Torque teno midi virus 2, complete genome"
SRR7167026_NODE_12,2802,86.1%,Partial,NC_014093.1,3253,"Torque teno midi virus 2, complete genome"
SRR6316241_NODE_7,2826,86.9%,Partial,NC_014093.1,3253,"Torque teno midi virus 2, complete genome"
SRR6316203_NODE_9,3018,92.8%,Partial,NC_014093.1,3253,"Torque teno midi virus 2, complete genome"
SRR6316270_NODE_12,2676,82.3%,Partial,NC_014093.1,3253,"Torque teno midi virus 2, complete genome"
SRR6316221_NODE_11,3187,109.6%,Full-length,NC_014089.1,2908,"Torque teno mini virus 5, complete genome"
SRR6316209_NODE_53,2761,84.9%,Partial,NC_014093.1,3253,"Torque teno midi virus 2, complete genome"
SRR7167078_NODE_115,2863,75.0%,Partial,NC_014091.1,3818,"Torque teno virus 16, complete genome"
SRR7167078_NODE_117,2845,101.5%,Full-length,NC_030297.1,2803,"Torque teno mini virus 18 isolate 222, complete genome"
SRR7167078_NODE_119,2844,99.1%,Partial,NC_038346.1,2871,"Torque teno mini virus 11 isolate LIL-y2 ORF2, ORF1, and ORF3 genes, complete cds"
SRR7167078_NODE_126,2732,93.8%,Partial,NC_038347.1,2912,"Torque teno mini virus 12 isolate LIL-y3 ORF2, ORF1, ORF3, and ORF4 genes, complete cds"
SRR7167078_NODE_129,2717,96.9%,Partial,NC_030297.1,2803,"Torque teno mini virus 18 isolate 222, complete genome"
SRR7167078_NODE_133,2666,95.1%,Partial,NC_030297.1,2803,"Torque teno mini virus 18 isolate 222, complete genome"
SRR7167078_NODE_138,2635,91.8%,Partial,NC_038346.1,2871,"Torque teno mini virus 11 isolate LIL-y2 ORF2, ORF1, and ORF3 genes, complete cds"
SRR7167078_NODE_139,2615,89.7%,Partial,NC_025726.1,2914,"Torque teno mini virus ALA22, complete genome"
SRR7167078_NODE_144,2541,87.7%,Partial,NC_014095.1,2897,"Torque teno mini virus 6, complete genome"
SRR7167078_NODE_148,2502,76.9%,Partial,NC_014093.1,3253,"Torque teno midi virus 2, complete genome"
SRR7167078_NODE_150,2498,76.8%,Partial,NC_014093.1,3253,"Torque teno midi virus 2, complete genome"
SRR7166766_NODE_46,3699,98.4%,Partial,NC_014075.1,3759,"Torque teno virus 12, complete genome"
SRR7166926_NODE_53,3661,98.0%,Partial,NC_014080.1,3736,"Torque teno virus 7, complete genome"
SRR7166762_NODE_21,3612,96.1%,Partial,NC_014075.1,3759,"Torque teno virus 12, complete genome"
SRR7166762_NODE_22,3522,93.7%,Partial,NC_014075.1,3759,"Torque teno virus 12, complete genome"
SRR7166762_NODE_30,2873,102.5%,Full-length,NC_030297.1,2803,"Torque teno mini virus 18 isolate 222, complete genome"
SRR7167022_NODE_78,3801,100.7%,Full-length,NC_026764.1,3774,"Simian torque teno virus 33 isolate VWP00522.11, complete genome"
SRR7167022_NODE_112,2767,98.7%,Partial,NC_030297.1,2803,"Torque teno mini virus 18 isolate 222, complete genome"
SRR7166916_NODE_37,3040,80.9%,Partial,NC_014075.1,3759,"Torque teno virus 12, complete genome"
SRR7166916_NODE_38,3031,81.1%,Partial,NC_014080.1,3736,"Torque teno virus 7, complete genome"
SRR7166916_NODE_41,2985,82.4%,Partial,NC_026765.1,3621,"Simian torque teno virus 34 isolate VGA00120.1, complete genome"
SRR7166946_NODE_2,3467,92.8%,Partial,NC_014080.1,3736,"Torque teno virus 7, complete genome"
SRR7166943_NODE_1,3711,102.3%,Full-length,NC_014073.1,3629,"Torque teno virus 28, complete genome"
SRR7166884_NODE_17,3495,124.7%,Full-length,NC_030297.1,2803,"Torque teno mini virus 18 isolate 222, complete genome"
SRR7166992_NODE_29,2753,73.7%,Partial,NC_014080.1,3736,"Torque teno virus 7, complete genome"
SRR7166831_NODE_27,3692,98.2%,Partial,NC_014075.1,3759,"Torque teno virus 12, complete genome"
SRR7167031_NODE_75,2309,61.9%,Partial,NC_014074.1,3729,"Torque teno virus 27, complete genome"
SRR7166961_NODE_44,3723,99.0%,Partial,NC_014075.1,3759,"Torque teno virus 12, complete genome"
SRR7166826_NODE_11,3553,95.1%,Partial,NC_014080.1,3736,"Torque teno virus 7, complete genome"
SRR7166826_NODE_20,2511,86.2%,Partial,NC_020498.1,2912,"TTV-like mini virus isolate TTMV_LY1, complete genome"
SRR7166826_NODE_23,2307,82.3%,Partial,NC_030297.1,2803,"Torque teno mini virus 18 isolate 222, complete genome"
SRR7166940_NODE_4,3638,129.8%,Full-length,NC_030297.1,2803,"Torque teno mini virus 18 isolate 222, complete genome"
SRR7166824_NODE_10,3069,81.6%,Partial,NC_014075.1,3759,"Torque teno virus 12, complete genome"
SRR7166924_NODE_62,3639,129.8%,Full-length,NC_030297.1,2803,"Torque teno mini virus 18 isolate 222, complete genome"
SRR7166769_NODE_89,3675,98.6%,Partial,NC_014074.1,3729,"Torque teno virus 27, complete genome"
SRR7166769_NODE_99,3238,99.5%,Partial,NC_014093.1,3253,"Torque teno midi virus 2, complete genome"
SRR7166769_NODE_103,3018,80.8%,Partial,NC_014080.1,3736,"Torque teno virus 7, complete genome"
SRR7166769_NODE_106,2971,79.0%,Partial,NC_014075.1,3759,"Torque teno virus 12, complete genome"
SRR7166769_NODE_118,2722,106.0%,Full-length,NC_030650.1,2568,"Gorilla anellovirus isolate GorF ORF2 and ORF1 genes, complete cds; and nonfunctional ORF3 gene, complete sequence"
SRR7166758_NODE_3,3623,129.3%,Full-length,NC_030297.1,2803,"Torque teno mini virus 18 isolate 222, complete genome"
SRR7166865_NODE_11,2799,74.9%,Partial,NC_014080.1,3736,"Torque teno virus 7, complete genome"
SRR7166851_NODE_3,3737,133.3%,Full-length,NC_030297.1,2803,"Torque teno mini virus 18 isolate 222, complete genome"
SRR7166770_NODE_76,3786,100.3%,Full-length,NC_026764.1,3774,"Simian torque teno virus 33 isolate VWP00522.11, complete genome"
SRR7166791_NODE_72,3725,99.1%,Partial,NC_014075.1,3759,"Torque teno virus 12, complete genome"
SRR7166791_NODE_91,2982,91.7%,Partial,NC_014093.1,3253,"Torque teno midi virus 2, complete genome"
SRR7166791_NODE_102,2664,81.9%,Partial,NC_014093.1,3253,"Torque teno midi virus 2, complete genome"
SRR7167079_NODE_51,2529,67.3%,Partial,NC_014075.1,3759,"Torque teno virus 12, complete genome"
SRR7167047_NODE_1,3772,104.2%,Full-length,NC_026765.1,3621,"Simian torque teno virus 34 isolate VGA00120.1, complete genome"
SRR7166951_NODE_74,3231,111.1%,Full-length,NC_014089.1,2908,"Torque teno mini virus 5, complete genome"
SRR7166956_NODE_273,2696,71.7%,Partial,NC_014075.1,3759,"Torque teno virus 12, complete genome"
SRR6316257_NODE_1,3730,99.2%,Partial,NC_014075.1,3759,"Torque teno virus 12, complete genome"
SRR6316257_NODE_2,3639,129.8%,Full-length,NC_030297.1,2803,"Torque teno mini virus 18 isolate 222, complete genome"
SRR6316257_NODE_3,3639,96.8%,Partial,NC_014075.1,3759,"Torque teno virus 12, complete genome"
SRR6316257_NODE_4,3530,125.9%,Full-length,NC_030297.1,2803,"Torque teno mini virus 18 isolate 222, complete genome"
SRR6316257_NODE_6,3308,91.2%,Partial,NC_014073.1,3629,"Torque teno virus 28, complete genome"
SRR6316257_NODE_8,3121,83.5%,Partial,NC_014080.1,3736,"Torque teno virus 7, complete genome"
SRR6316257_NODE_11,3021,80.4%,Partial,NC_014075.1,3759,"Torque teno virus 12, complete genome"
SRR6316257_NODE_13,3012,80.6%,Partial,NC_014080.1,3736,"Torque teno virus 7, complete genome"
SRR6316257_NODE_15,2951,114.9%,Full-length,NC_030650.1,2568,"Gorilla anellovirus isolate GorF ORF2 and ORF1 genes, complete cds; and nonfunctional ORF3 gene, complete sequence"
SRR6316257_NODE_16,2915,76.3%,Partial,NC_014091.1,3818,"Torque teno virus 16, complete genome"
SRR6316257_NODE_17,2883,76.7%,Partial,NC_014075.1,3759,"Torque teno virus 12, complete genome"
SRR6316257_NODE_18,2878,79.3%,Partial,NC_014073.1,3629,"Torque teno virus 28, complete genome"
SRR6316257_NODE_20,2564,91.5%,Partial,NC_030297.1,2803,"Torque teno mini virus 18 isolate 222, complete genome"
SRR6316257_NODE_22,2487,88.7%,Partial,NC_030297.1,2803,"Torque teno mini virus 18 isolate 222, complete genome"
SRR6316257_NODE_25,2033,72.5%,Partial,NC_030297.1,2803,"Torque teno mini virus 18 isolate 222, complete genome"
SRR6316286_NODE_1,3840,137.0%,Full-length,NC_030297.1,2803,"Torque teno mini virus 18 isolate 222, complete genome"
SRR6316286_NODE_2,3677,131.2%,Full-length,NC_030297.1,2803,"Torque teno mini virus 18 isolate 222, complete genome"
SRR6316286_NODE_4,3247,100.1%,Full-length,NC_009225.1,3245,"Torque teno midi virus 1, complete genome"
SRR6316286_NODE_7,2742,71.8%,Partial,NC_014091.1,3818,"Torque teno virus 16, complete genome"
SRR6316273_NODE_1,3822,102.3%,Full-length,NC_014080.1,3736,"Torque teno virus 7, complete genome"
SRR6316203_NODE_6,3480,93.1%,Partial,NC_014080.1,3736,"Torque teno virus 7, complete genome"
SRR6316203_NODE_8,3174,83.1%,Partial,NC_014091.1,3818,"Torque teno virus 16, complete genome"
SRR6316203_NODE_12,2893,100.8%,Full-length,NC_038346.1,2871,"Torque teno mini virus 11 isolate LIL-y2 ORF2, ORF1, and ORF3 genes, complete cds"
SRR6316203_NODE_18,2827,86.9%,Partial,NC_014093.1,3253,"Torque teno midi virus 2, complete genome"
SRR6316203_NODE_21,2799,74.5%,Partial,NC_014075.1,3759,"Torque teno virus 12, complete genome"
SRR6316203_NODE_23,2671,95.3%,Partial,NC_030297.1,2803,"Torque teno mini virus 18 isolate 222, complete genome"
SRR6316270_NODE_2,3659,110.5%,Full-length,NC_038339.1,3312,"Torque teno virus 13 isolate TCHN-A Orf2 and Orf1 genes, complete cds"
SRR6316270_NODE_4,3078,82.4%,Partial,NC_014080.1,3736,"Torque teno virus 7, complete genome"
SRR6316270_NODE_6,3044,81.0%,Partial,NC_014075.1,3759,"Torque teno virus 12, complete genome"
SRR6316270_NODE_11,2700,96.3%,Partial,NC_030297.1,2803,"Torque teno mini virus 18 isolate 222, complete genome"
SRR6316217_NODE_5,3121,83.5%,Partial,NC_014080.1,3736,"Torque teno virus 7, complete genome"
SRR6316217_NODE_10,2628,80.8%,Partial,NC_014093.1,3253,"Torque teno midi virus 2, complete genome"
SRR6316221_NODE_4,3803,101.2%,Full-length,NC_014075.1,3759,"Torque teno virus 12, complete genome"
SRR6316221_NODE_5,3785,100.7%,Full-length,NC_014075.1,3759,"Torque teno virus 12, complete genome"
SRR6316221_NODE_6,3765,104.0%,Full-length,NC_026765.1,3621,"Simian torque teno virus 34 isolate VGA00120.1, complete genome"
SRR6316221_NODE_7,3753,99.8%,Partial,NC_014075.1,3759,"Torque teno virus 12, complete genome"
SRR6316221_NODE_8,3558,94.7%,Partial,NC_014075.1,3759,"Torque teno virus 12, complete genome"
SRR6316221_NODE_9,3220,99.0%,Partial,NC_014093.1,3253,"Torque teno midi virus 2, complete genome"
SRR6316221_NODE_10,3194,85.0%,Partial,NC_014075.1,3759,"Torque teno virus 12, complete genome"
SRR6316221_NODE_14,2933,104.6%,Full-length,NC_030297.1,2803,"Torque teno mini virus 18 isolate 222, complete genome"
SRR6316221_NODE_16,2904,103.6%,Full-length,NC_030297.1,2803,"Torque teno mini virus 18 isolate 222, complete genome"
SRR6316221_NODE_19,2809,86.4%,Partial,NC_014093.1,3253,"Torque teno midi virus 2, complete genome"
SRR6316221_NODE_20,2788,85.7%,Partial,NC_014093.1,3253,"Torque teno midi virus 2, complete genome"
SRR6316231_NODE_5,2969,79.5%,Partial,NC_014080.1,3736,"Torque teno virus 7, complete genome"
SRR6316256_NODE_10,3858,102.6%,Full-length,NC_014075.1,3759,"Torque teno virus 12, complete genome"
SRR6316256_NODE_14,3075,84.9%,Partial,NC_026765.1,3621,"Simian torque teno virus 34 isolate VGA00120.1, complete genome"
SRR6316207_NODE_12,2779,85.4%,Partial,NC_014093.1,3253,"Torque teno midi virus 2, complete genome"
SRR6316236_NODE_4,2819,86.7%,Partial,NC_014093.1,3253,"Torque teno midi virus 2, complete genome"
SRR6316245_NODE_15,2680,82.4%,Partial,NC_014093.1,3253,"Torque teno midi virus 2, complete genome"
SRR6316240_NODE_21,2811,100.3%,Full-length,NC_030297.1,2803,"Torque teno mini virus 18 isolate 222, complete genome"
SRR6316213_NODE_20,2746,84.4%,Partial,NC_014093.1,3253,"Torque teno midi virus 2, complete genome"
SRR6316298_NODE_24,2533,77.9%,Partial,NC_014093.1,3253,"Torque teno midi virus 2, complete genome"
SRR6316205_NODE_5,2717,96.9%,Partial,NC_030297.1,2803,"Torque teno mini virus 18 isolate 222, complete genome"
SRR8862010_NODE_32,3070,94.4%,Partial,NC_014093.1,3253,"Torque teno midi virus 2, complete genome"
SRR8862010_NODE_34,3014,92.7%,Partial,NC_014093.1,3253,"Torque teno midi virus 2, complete genome"
SRR8862010_NODE_42,2856,87.8%,Partial,NC_014093.1,3253,"Torque teno midi virus 2, complete genome"
SRR8862010_NODE_64,2346,72.1%,Partial,NC_014093.1,3253,"Torque teno midi virus 2, complete genome"
DRR140178_NODE_2,3218,98.9%,Partial,NC_014093.1,3253,"Torque teno midi virus 2, complete genome"
SRR7167016_NODE_82,2959,106.2%,Full-length,NC_014090.1,2785,"Torque teno mini virus 4, complete genome"
SRR7167010_NODE_4,2876,102.6%,Full-length,NC_030297.1,2803,"Torque teno mini virus 18 isolate 222, complete genome"
SRR8862010_NODE_37,2960,105.6%,Full-length,NC_030297.1,2803,"Torque teno mini virus 18 isolate 222, complete genome"
SRR2037085_NODE_5362,2811,100.3%,Full-length,NC_030297.1,2803,"Torque teno mini virus 18 isolate 222, complete genome"
SRR2037085_NODE_5372,2808,100.2%,Full-length,NC_030297.1,2803,"Torque teno mini virus 18 isolate 222, complete genome"
SRR2037085_NODE_6486,2497,89.1%,Partial,NC_030297.1,2803,"Torque teno mini virus 18 isolate 222, complete genome"
SRR2037085_NODE_6489,2496,89.0%,Partial,NC_030297.1,2803,"Torque teno mini virus 18 isolate 222, complete genome"
SRR2037085_NODE_6693,2463,87.9%,Partial,NC_030297.1,2803,"Torque teno mini virus 18 isolate 222, complete genome"
SRR2037085_NODE_6800,2440,87.0%,Partial,NC_030297.1,2803,"Torque teno mini virus 18 isolate 222, complete genome"
SRR2037085_NODE_6858,2428,86.6%,Partial,NC_030297.1,2803,"Torque teno mini virus 18 isolate 222, complete genome"
SRR2037085_NODE_7436,2297,81.9%,Partial,NC_030297.1,2803,"Torque teno mini virus 18 isolate 222, complete genome"
SRR2037085_NODE_8847,2049,73.1%,Partial,NC_030297.1,2803,"Torque teno mini virus 18 isolate 222, complete genome"
SRR2037085_NODE_5516,2761,98.5%,Partial,NC_030297.1,2803,"Torque teno mini virus 18 isolate 222, complete genome"
SRR2037085_NODE_5571,2749,98.1%,Partial,NC_030297.1,2803,"Torque teno mini virus 18 isolate 222, complete genome"
SRR2037085_NODE_6472,2500,89.2%,Partial,NC_030297.1,2803,"Torque teno mini virus 18 isolate 222, complete genome"
SRR2037083_NODE_1633,2517,89.8%,Partial,NC_030297.1,2803,"Torque teno mini virus 18 isolate 222, complete genome"
SRR6316307_NODE_11,2774,99.0%,Partial,NC_030297.1,2803,"Torque teno mini virus 18 isolate 222, complete genome"
SRR6316233_NODE_23,2869,102.4%,Full-length,NC_030297.1,2803,"Torque teno mini virus 18 isolate 222, complete genome"
SRR6316233_NODE_30,2683,95.7%,Partial,NC_030297.1,2803,"Torque teno mini virus 18 isolate 222, complete genome"
SRR6316217_NODE_9,2878,102.7%,Full-length,NC_030297.1,2803,"Torque teno mini virus 18 isolate 222, complete genome"
SRR6316245_NODE_14,2725,97.2%,Partial,NC_030297.1,2803,"Torque teno mini virus 18 isolate 222, complete genome"
SRR6316203_NODE_22,2783,99.3%,Partial,NC_030297.1,2803,"Torque teno mini virus 18 isolate 222, complete genome"
SRR8862010_NODE_43,2847,101.6%,Full-length,NC_030297.1,2803,"Torque teno mini virus 18 isolate 222, complete genome"
SRR6316226_NODE_12,2217,79.1%,Partial,NC_030297.1,2803,"Torque teno mini virus 18 isolate 222, complete genome"
DRR140174_NODE_15,2415,86.2%,Partial,NC_030297.1,2803,"Torque teno mini virus 18 isolate 222, complete genome"
DRR140161_NODE_1,2687,95.9%,Partial,NC_030297.1,2803,"Torque teno mini virus 18 isolate 222, complete genome"
SRR6316304_NODE_15,2650,94.5%,Partial,NC_030297.1,2803,"Torque teno mini virus 18 isolate 222, complete genome"
SRR5681814_NODE_1,2643,94.3%,Partial,NC_030297.1,2803,"Torque teno mini virus 18 isolate 222, complete genome"
